id,iso_country,country,geo_id,latitude,longitude,modified,name,population
1,CN,China,1796236,121.45806,31.22222,2021-09-20,Shanghai,22315474
2,CN,China,1816670,116.39723,39.9075,2022-03-07,Beijing,18960744
3,CN,China,1795565,114.0683,22.54554,2022-03-09,Shenzhen,17494398
4,CN,China,1809858,113.25,23.11667,2022-03-09,Guangzhou,16096724
5,NG,Nigeria,2332459,3.39467,6.45407,2022-04-01,Lagos,15388000
6,TR,Turkey,745044,28.94966,41.01384,2022-03-09,Istanbul,14804116
7,CN,China,1815286,104.06667,30.66667,2021-12-13,Chengdu,13568357
8,AR,Argentina,3435910,-58.37723,-34.61315,2022-03-09,"Buenos Aires",13076300
9,IN,India,1275339,72.88261,19.07283,2022-03-03,Mumbai,12691836
10,MX,Mexico,3530597,-99.12766,19.42847,2021-07-25,"Mexico City",12294193
11,PK,Pakistan,1174872,67.0104,24.8608,2022-03-07,Karachi,11624219
12,CN,China,1792947,117.17667,39.14222,2021-09-20,Tianjin,11090314
13,IN,India,1273294,77.23149,28.65195,2022-03-09,Delhi,10927986
14,CN,China,1791247,114.26667,30.58333,2021-12-13,Wuhan,10392693
15,RU,"Russian Federation",524901,37.61556,55.75222,2022-05-05,Moscow,10381222
16,BD,Bangladesh,1185241,90.40744,23.7104,2022-03-09,Dhaka,10356500
17,KR,Korea,1835848,126.9784,37.566,2022-03-03,Seoul,10349312
18,BR,Brazil,3448439,-46.63611,-23.5475,2022-03-09,"São Paulo",10021295
19,CN,China,1812545,113.74866,23.01797,2021-12-13,Dongguan,9644871
20,EG,Egypt,360630,31.24967,30.06263,2022-04-18,Cairo,9606916
21,CN,China,1790630,108.92861,34.25833,2021-12-13,Xi’an,9600000
22,CN,China,1799962,118.77778,32.06167,2022-04-01,Nanjing,9314685
23,CN,China,1808926,120.16142,30.29365,2021-12-13,Hangzhou,9236032
24,CN,China,1811103,113.13148,23.02677,2021-12-13,Foshan,9042509
25,VN,"Viet Nam",1566083,106.62965,10.82302,2022-06-09,"Ho Chi Minh City",8993082
26,GB,"United Kingdom",2643743,-0.12574,51.50853,2022-03-09,London,8961989
27,US,"United States",5128581,-74.00597,40.71427,2022-03-09,"New York City",8804190
28,ID,Indonesia,1642911,106.84513,-6.21462,2022-03-07,Jakarta,8540121
29,IN,India,1277333,77.59369,12.97194,2021-12-01,Bengaluru,8443675
30,JP,Japan,1850147,139.69171,35.6895,2022-03-09,Tokyo,8336599
31,VN,"Viet Nam",1581130,105.84117,21.0245,2021-12-07,Hanoi,8053663
32,TW,Taiwan,1668341,121.53185,25.04776,2022-03-09,Taipei,7871900
33,CD,Congo,2314302,15.31357,-4.32758,2022-03-09,Kinshasa,7785965
34,PE,Peru,3936456,-77.02824,-12.04318,2019-09-05,Lima,7737002
35,CO,Colombia,3688689,-74.08175,4.60971,2022-03-09,Bogotá,7674366
36,HK,"Hong Kong",1819729,114.17469,22.27832,2021-09-09,"Hong Kong",7482500
37,CN,China,1814906,106.55771,29.56026,2022-01-04,Chongqing,7457599
38,IQ,Iraq,98182,44.40088,33.34058,2022-03-09,Baghdad,7216000
39,CN,China,1797929,120.38042,36.06488,2022-04-01,Qingdao,7172451
40,IR,Iran,112931,51.42151,35.69439,2022-03-09,Tehran,7153309
41,CN,China,2034937,123.43278,41.79222,2021-12-13,Shenyang,7050000
42,IN,India,1269843,78.45636,17.38405,2022-04-17,Hyderābād,6809970
43,CN,China,1886760,120.59538,31.30408,2022-04-01,Suzhou,6715559
44,IN,India,1279233,72.58727,23.02579,2021-10-07,Ahmedabad,6357693
45,PK,Pakistan,1172451,74.35071,31.558,2021-07-25,Lahore,6310888
46,BR,Brazil,3451190,-43.18223,-22.90642,2022-03-03,"Rio de Janeiro",6023699
47,SG,Singapore,1880252,103.85007,1.28967,2022-06-05,Singapore,5638700
48,EG,Egypt,361058,29.91582,31.20176,2022-04-18,Alexandria,5263542
49,CN,China,2037013,126.65,45.75,2021-12-13,Harbin,5242897
50,TH,Thailand,1609350,100.50144,13.75398,2022-03-09,Bangkok,5104476
51,CN,China,1808722,117.28083,31.86389,2021-12-13,Hefei,5050000
52,RU,"Russian Federation",498817,30.31413,59.93863,2022-03-03,"Saint Petersburg",5028000
53,CN,China,1814087,121.60222,38.91222,2021-12-13,Dalian,4913879
54,CL,Chile,3871336,-70.64827,-33.45694,2022-03-09,Santiago,4837295
55,CN,China,2038180,125.32278,43.88,2022-06-14,Changchun,4714996
56,IN,India,1264527,80.27847,13.08784,2021-12-01,Chennai,4681087
57,IN,India,1275004,88.36304,22.56263,2020-06-27,Kolkata,4631392
58,AU,Australia,2147714,151.20732,-33.86785,2022-03-06,Sydney,4627345
59,CN,China,1790645,118.08187,24.47979,2021-12-13,Xiamen,4617251
60,IN,India,1255364,72.83023,21.19594,2021-10-07,Surat,4591246
61,MM,Myanmar,1298824,96.15611,16.80528,2019-09-05,Yangon,4477638
62,AF,Afghanistan,1138958,69.17233,34.52813,2022-06-18,Kabul,4434550
63,CN,China,1790923,120.28857,31.56887,2022-04-01,Wuxi,4396835
64,EG,Egypt,360995,31.20861,30.00944,2022-04-18,Giza,4367343
65,CN,China,1805753,116.99722,36.66833,2021-09-20,Jinan,4335989
66,CN,China,1793511,112.56028,37.86944,2021-12-13,Taiyuan,4303673
67,CN,China,1784658,113.64861,34.75778,2021-09-20,Zhengzhou,4253913
68,AU,Australia,2158177,144.96332,-37.814,2022-03-06,Melbourne,4246375
69,SA,"Saudi Arabia",108410,46.72185,24.68773,2019-09-05,Riyadh,4205961
70,NG,Nigeria,2335204,8.51672,12.00012,2022-04-01,Kano,4103000
71,US,"United States",5368361,-118.24368,34.05223,2019-12-12,"Los Angeles",3971883
72,CN,China,1795270,114.47861,38.04139,2021-10-04,Shijiazhuang,3938513
73,BD,Bangladesh,1205733,91.83168,22.3384,2020-08-12,Chattogram,3920222
74,CN,China,1804651,102.71833,25.03889,2021-09-20,Kunming,3855346
75,CN,China,6986104,113.37912,22.52306,2021-12-13,Zhongshan,3841873
76,CN,China,1799869,108.31667,22.81667,2021-10-10,Nanning,3839800
77,CN,China,1795940,116.71479,23.36814,2021-12-13,Shantou,3838900
78,CN,China,1810821,119.30611,26.06139,2021-12-13,Fuzhou,3740000
79,CN,China,1799397,121.54945,29.87819,2021-12-13,Ningbo,3731203
80,KR,Korea,1838524,129.03004,35.10168,2019-04-30,Busan,3678555
81,CI,"Côte d'Ivoire",2293538,-4.00167,5.35444,2020-07-02,Abidjan,3677115
82,CN,China,1798425,119.88872,29.45679,2021-09-19,Puyang,3590000
83,JP,Japan,1848354,139.65,35.43333,2021-08-25,Yokohama,3574443
84,NG,Nigeria,2339354,3.90591,7.37756,2019-09-05,Ibadan,3565108
85,TR,Turkey,323786,32.85427,39.91987,2021-07-25,Ankara,3517182
86,AE,"United Arab Emirates",292223,55.30927,25.07725,2022-06-14,Dubai,3478300
87,CN,China,1794903,110.77806,32.6475,2018-12-06,Shiyan,3460000
88,ZA,"South Africa",3369157,18.42322,-33.92584,2022-03-07,"Cape Town",3433441
89,DE,Germany,2950159,13.41053,52.52437,2022-03-09,Berlin,3426354
90,CN,China,1793346,118.18333,39.63333,2021-10-21,Tangshan,3372102
91,CN,China,1815456,119.95401,31.77359,2021-10-07,Changzhou,3290918
92,ES,Spain,3117735,-3.70256,40.4165,2022-03-09,Madrid,3255944
93,KP,Korea,1871859,125.75432,39.03385,2019-09-05,Pyongyang,3222000
94,MA,Morocco,2553604,-7.61138,33.58831,2021-11-29,Casablanca,3144909
95,CN,China,1785286,118.06333,36.79056,2021-09-20,Zibo,3129228
96,IN,India,1259229,73.85535,18.51957,2021-12-01,Pune,3124458
97,ZA,"South Africa",1007311,31.0292,-29.8579,2019-09-05,Durban,3120282
98,CN,China,1815577,112.97087,28.19874,2019-02-26,Changsha,3093980
99,CN,China,1809461,106.71667,26.58333,2021-10-13,Guiyang,3037159
100,CN,China,1529102,87.60046,43.80096,2021-09-20,Ürümqi,3029372
101,CN,China,1804430,103.83987,36.05701,2021-12-13,Lanzhou,3000000
102,VE,Venezuela,3646738,-66.87919,10.48801,2022-03-09,Caracas,3000000
103,CN,China,1806776,114.41523,23.11147,2021-12-13,Huizhou,2900113
104,CN,China,1809078,110.34167,20.04583,2021-12-06,Haikou,2873358
105,SA,"Saudi Arabia",105343,39.18624,21.49012,2022-01-21,Jeddah,2867446
106,IN,India,1267995,80.34975,26.46523,2021-08-01,Kanpur,2823249
107,UA,Ukraine,703448,30.5238,50.45466,2022-04-22,Kyiv,2797553
108,AO,Angola,2240449,13.23432,-8.83682,2022-03-09,Luanda,2776168
109,PH,Philippines,1692192,121.0509,14.6488,2021-07-30,"Quezon City",2761720
110,ET,Ethiopia,344979,38.74689,9.02497,2022-03-07,"Addis Ababa",2757729
111,JP,Japan,1853909,135.50218,34.69374,2022-03-31,Osaka,2753862
112,KE,Kenya,184745,36.81667,-1.28333,2021-07-29,Nairobi,2750547
113,CN,China,1803318,118.34278,35.06306,2022-04-01,Linyi,2743843
114,CN,China,1816971,115.49028,38.85111,2021-10-20,Baoding,2739887
115,US,"United States",4887398,-87.65005,41.85003,2022-03-09,Chicago,2720546
116,BR,Brazil,3450554,-38.51083,-12.97111,2021-07-31,Salvador,2711840
117,IN,India,1269515,75.78781,26.91962,2019-09-05,Jaipur,2711758
118,TZ,Tanzania,160263,39.26951,-6.82349,2019-09-05,"Dar es Salaam",2698652
119,CN,China,1791388,120.66682,27.99942,2021-12-13,Wenzhou,2650000
120,KR,Korea,1843564,126.70515,37.45646,2021-07-31,Incheon,2628000
121,CN,China,1785725,112.03809,22.92787,2022-02-17,Yunfu,2612800
122,CA,Canada,6167865,-79.4163,43.70011,2019-09-05,Toronto,2600000
123,IN,India,6619347,73.01582,19.03681,2018-12-04,"Navi Mumbai",2600000
124,IQ,Iraq,99532,47.7804,30.50852,2015-11-29,Basrah,2600000
125,SO,Somalia,53654,45.34375,2.03711,2019-09-05,Mogadishu,2587183
126,KR,Korea,1835329,128.59111,35.87028,2016-02-09,Daegu,2566540
127,PK,Pakistan,1179400,73.08969,31.41554,2021-07-30,Faisalabad,2506595
128,TR,Turkey,311046,27.13838,38.41273,2020-06-10,İzmir,2500603
129,CN,China,1797873,119.01917,33.58861,2021-10-07,"Huai'an",2494013
130,SN,Senegal,2253354,-17.44406,14.6937,2019-09-05,Dakar,2476400
131,IN,India,1264733,80.92313,26.83928,2015-11-11,Lucknow,2472011
132,BR,Brazil,3399415,-38.54306,-3.71722,2019-09-05,Fortaleza,2400000
133,CO,Colombia,3687925,-76.5225,3.43722,2021-08-02,Cali,2392877
134,ID,Indonesia,1625822,112.75083,-7.24917,2019-09-05,Surabaya,2374658
135,BR,Brazil,3470127,-43.93778,-19.92083,2019-09-05,"Belo Horizonte",2373224
136,CN,China,1800163,115.85306,28.68396,2021-09-19,Nanchang,2357839
137,CN,China,2036892,111.65222,40.81056,2021-12-13,Hohhot,2350000
138,IT,Italy,3169070,12.51133,41.89193,2022-03-09,Rome,2318895
139,IR,Iran,124665,59.60567,36.29807,2020-04-08,Mashhad,2307177
140,HK,"Hong Kong",1819609,114.18333,22.31667,2022-06-08,Kowloon,2303100
141,US,"United States",5110302,-73.94958,40.6501,2015-01-18,Brooklyn,2300664
142,CN,China,1795855,120.57864,30.00237,2021-12-13,Shaoxing,2300000
143,US,"United States",4699066,-95.36327,29.76328,2021-07-25,Houston,2296224
144,CN,China,1799722,120.87472,32.03028,2021-10-07,Nantong,2273326
145,US,"United States",5133273,-73.83652,40.68149,2021-07-30,Queens,2272771
146,IN,India,1262180,79.08491,21.14631,2021-08-02,Nagpur,2228018
147,CN,China,1787093,121.44081,37.47649,2021-09-26,Yantai,2227733
148,VE,Venezuela,3633009,-71.61245,10.66663,2019-09-05,Maracaibo,2225000
149,BR,Brazil,3469058,-47.92972,-15.77972,2019-09-05,Brasília,2207718
150,CN,China,1790437,113.56778,22.27694,2021-12-13,Zhuhai,2207090
151,DO,"Dominican Republic",3492908,-69.89232,18.47186,2020-02-22,"Santo Domingo",2201941
152,JP,Japan,1856057,136.90641,35.18147,2017-04-09,Nagoya,2191279
153,AU,Australia,2174003,153.02809,-27.46794,2022-03-07,Brisbane,2189878
154,CU,Cuba,3553478,-82.38304,23.13302,2019-09-05,Havana,2163824
155,CN,China,2038432,109.84389,40.6516,2021-12-13,Baotou,2150000
156,FR,France,2988507,2.3488,48.85341,2021-07-25,Paris,2138551
157,IN,India,1273865,76.96612,11.00555,2021-12-01,Coimbatore,2136916
158,CN,China,1785623,120.95431,31.37762,2022-04-01,Kunshan,2092496
159,IQ,Iraq,99071,43.10555,36.33271,2016-06-22,"Al Mawşil al Jadīdah",2065597
160,CN,China,1791681,119.10194,36.71,2021-09-22,Weifang,2044028
161,CN,China,1783621,106.90722,27.68667,2021-10-14,Zunyi,2037775
162,ZA,"South Africa",993800,28.04363,-26.20227,2019-09-05,Johannesburg,2026469
163,IQ,Iraq,388349,47.81507,30.50316,2016-06-22,"Al Başrah al Qadīmah",2015483
164,BO,Bolivia,3911925,-68.15,-16.5,2021-11-27,"La Paz",2004652
165,CN,China,10859300,119.21556,34.59845,2021-10-07,Lianyungang,2001009
166,KZ,Kazakhstan,1526384,76.91667,43.25,2021-12-15,Almaty,2000900
167,CO,Colombia,3674962,-75.56359,6.25184,2019-09-05,Medellín,1999979
168,UZ,Uzbekistan,1512569,69.21627,41.26465,2019-09-05,Tashkent,1978028
169,DZ,Algeria,2507480,3.08746,36.73225,2019-09-05,Algiers,1977663
170,CN,China,1810638,114.9326,25.84664,2021-10-10,Ganzhou,1977253
171,SD,Sudan,379252,32.53241,15.55177,2021-08-23,Khartoum,1974647
172,GH,Ghana,2306104,-0.1969,5.55602,2019-12-05,Accra,1963264
173,EC,Ecuador,3657509,-79.88621,-2.19616,2021-08-01,Guayaquil,1952029
174,CN,China,8347664,109.78157,39.6086,2021-09-20,Ordos,1940653
175,YE,Yemen,71137,44.20667,15.35472,2021-07-30,Sanaa,1937451
176,LB,Lebanon,276781,35.50157,33.89332,2019-09-05,Beirut,1916100
177,CN,China,1797121,116.36581,23.5418,2021-10-07,Jieyang,1899394
178,AU,Australia,2063523,115.8614,-31.95224,2022-03-07,Perth,1896548
179,CN,China,2036502,126.56028,43.85083,2022-06-14,Jilin,1895865
180,JP,Japan,2128295,141.35,43.06667,2021-08-25,Sapporo,1883027
181,RO,Romania,683506,26.10626,44.43225,2016-02-07,Bucharest,1877155
182,GN,Guinea,2422488,-13.68778,9.535,2012-01-18,Camayenne,1871242
183,NG,Nigeria,2324774,7.0134,4.77742,2022-04-01,"Port Harcourt",1865000
184,CN,China,1800146,106.08473,30.79508,2021-10-19,Nanchong,1858875
185,CN,China,2037799,113.29139,40.09361,2021-12-13,Datong,1850000
186,IN,India,1269743,75.8333,22.71792,2021-08-08,Indore,1837041
187,BO,Bolivia,3904906,-63.18117,-17.78629,2021-11-10,"Santa Cruz de la Sierra",1831434
188,IN,India,1253573,73.20812,22.29941,2021-10-07,Vadodara,1822221
189,MX,Mexico,3526683,-99.06224,19.35529,2018-11-03,Iztapalapa,1815786
190,CN,China,1799629,112.53278,32.99472,2021-10-20,Nanyang,1811812
191,CN,China,1806299,113.08333,22.58333,2021-12-13,Jiangmen,1795459
192,NG,Nigeria,2347283,5.62575,6.33815,2022-04-01,"Benin City",1782000
193,CN,China,1815251,120.26302,31.91102,2022-04-01,Jiangyin,1779515
194,CN,China,1810845,115.81667,32.9,2021-10-18,Fuyang,1768947
195,GN,Guinea,2422465,-13.67729,9.53795,2018-05-26,Conakry,1767200
196,CN,China,11838258,107.38599,40.74143,2021-09-20,"Bayan Nur",1760000
197,VE,Venezuela,3632998,-67.59113,10.23535,2016-01-07,Maracay,1754256
198,ID,Indonesia,1214520,98.66667,3.58333,2019-09-05,Medan,1750971
199,CN,China,1815395,116.62262,23.65396,2021-10-07,Chaozhou,1750945
200,PK,Pakistan,1166993,73.0479,33.59733,2021-08-03,Rawalpindi,1743101
201,BY,Belarus,625144,27.56667,53.9,2022-05-05,Minsk,1742124
202,HU,Hungary,3054643,19.04045,47.49835,2022-02-21,Budapest,1741041
203,IQ,Iraq,99072,43.11889,36.335,2019-02-26,Mosul,1739800
204,DE,Germany,2911298,9.99302,53.55073,2022-04-07,Hamburg,1739117
205,CN,China,1797945,113.03333,23.7,2021-10-14,Qingyuan,1738424
206,CN,China,1793724,117.12,36.18528,2021-10-20,Tai’an,1735425
207,BR,Brazil,3464975,-49.27306,-25.42778,2019-09-05,Curitiba,1718421
208,PL,Poland,756135,21.01178,52.22977,2022-03-09,Warsaw,1702139
209,ID,Indonesia,1650357,107.60694,-6.92222,2019-09-05,Bandung,1699719
210,ZA,"South Africa",953781,27.85849,-26.26781,2012-07-12,Soweto,1695047
211,AT,Austria,2761369,16.37208,48.20849,2022-04-12,Vienna,1691468
212,IN,India,12165956,78.95925,11.73379,2020-05-17,Kallakurichi,1682687
213,CN,China,1788852,101.75739,36.62554,2021-12-13,Xining,1677177
214,CN,China,7283386,120.74221,31.64615,2022-04-01,Changshu,1677050
215,CN,China,1807681,116.99694,32.62639,2021-10-18,Huainan,1666826
216,MA,Morocco,2538475,-6.83255,34.01325,2019-09-05,Rabat,1655753
217,MX,Mexico,3529612,-99.06064,19.60492,2021-08-01,"Ecatepec de Morelos",1655015
218,CN,China,1793743,116.97889,33.63611,2021-10-18,Suzhou,1647642
219,CN,China,1802206,116.51688,31.73561,2021-10-18,Lu’an,1644344
220,ES,Spain,3128760,2.15899,41.38879,2022-03-09,Barcelona,1621537
221,VE,Venezuela,3625549,-68.00765,10.16202,2021-10-28,Valencia,1619470
222,ZA,"South Africa",964137,28.18783,-25.74486,2019-09-05,Pretoria,1619438
223,CN,China,1787746,120.1573,33.3575,2021-10-07,Yancheng,1615717
224,US,"United States",5308655,-112.07404,33.44838,2022-01-28,Phoenix,1608139
225,CN,China,1793505,119.90812,32.49069,2021-10-07,Taizhou,1607108
226,CN,China,2037860,125.0,46.58333,2022-01-16,Daqing,1604027
227,US,"United States",4560349,-75.16362,39.95238,2022-05-27,Philadelphia,1603797
228,SY,"Syrian Arab Republic",170063,37.16117,36.20124,2019-09-05,Aleppo,1602264
229,PH,Philippines,1701668,120.9822,14.6042,2022-03-03,Manila,1600000
230,CA,Canada,6077243,-73.58781,45.50884,2019-02-25,Montréal,1600000
231,IN,India,1260086,85.13563,25.59408,2018-12-14,Patna,1599920
232,IN,India,1275841,77.40289,23.25469,2020-06-10,Bhopāl,1599914
233,BR,Brazil,3663517,-60.025,-3.10194,2021-08-08,Manaus,1598210
234,CN,China,1791236,118.37351,31.33728,2021-12-13,Wuhu,1598165
235,CN,China,1813325,107.46308,31.2106,2022-05-22,Dazhou,1589435
236,CN,China,1787227,119.43583,32.39722,2021-10-07,Yangzhou,1584237
237,NG,Nigeria,2335727,7.43879,10.52641,2019-09-05,Kaduna,1582102
238,KH,Cambodia,1821306,104.91601,11.56245,2021-08-04,"Phnom Penh",1573544
239,CN,China,1809498,110.29639,25.28022,2021-10-13,Guilin,1572300
240,SY,"Syrian Arab Republic",170654,36.29128,33.5102,2019-09-05,Damascus,1569394
241,CN,China,1784853,112.46091,23.04893,2021-10-14,Zhaoqing,1553109
242,CN,China,1800627,104.68168,31.46784,2021-12-13,Mianyang,1550000
243,IR,Iran,418863,51.67462,32.65246,2019-09-05,Isfahan,1547164
244,IN,India,1264728,75.85379,30.91204,2017-03-07,Ludhiāna,1545368
245,ZW,Zimbabwe,890299,31.05337,-17.82772,2019-09-05,Harare,1542813
246,CN,China,1798449,119.01028,25.43944,2021-12-13,Putian,1539389
247,CN,China,1783934,115.65,34.45,2021-10-18,Shangqiu,1536392
248,JP,Japan,1859171,135.183,34.6913,2022-02-09,Kobe,1528478
249,ID,Indonesia,1649378,106.9896,-6.2349,2021-08-02,Bekasi,1520119
250,TW,Taiwan,1673820,120.31333,22.61626,2017-09-26,Kaohsiung,1519711
251,SE,Sweden,2673730,18.06871,59.32938,2022-03-09,Stockholm,1515017
252,PH,Philippines,1720151,120.96788,14.64953,2017-12-13,"Caloocan City",1500000
253,MX,Mexico,4005539,-103.39182,20.66682,2019-09-05,Guadalajara,1495182
254,CN,China,1786657,106.27306,38.46806,2021-10-07,Yinchuan,1487579
255,US,"United States",5125771,-73.96625,40.78343,2021-08-20,Manhattan,1487536
256,CN,China,8400694,121.43312,28.66266,2021-12-13,Taizhou,1485502
257,PY,Paraguay,3439389,-57.647,-25.28646,2019-09-05,Asunción,1482200
258,CN,China,1814870,120.07676,29.31506,2021-12-13,Yiwu,1481384
259,BR,Brazil,3390760,-34.88111,-8.05389,2021-08-20,Recife,1478098
260,KR,Korea,1835235,127.38493,36.34913,2021-08-20,Daejeon,1475221
261,US,"United States",4726206,-98.49363,29.42412,2019-09-19,"San Antonio",1469845
262,CN,China,1797353,118.58583,24.91389,2021-12-13,Quanzhou,1469157
263,GH,Ghana,2298890,-1.62443,6.68848,2021-08-08,Kumasi,1468609
264,IN,India,1264521,78.11953,9.919,2021-12-01,Madurai,1465625
265,CN,China,1805528,119.64421,29.10678,2021-10-07,Jinhua,1463990
266,MY,Malaysia,1736376,102.24333,6.12361,2021-04-17,"Kota Bharu",1459994
267,JP,Japan,1857910,135.75385,35.02107,2019-09-05,Kyoto,1459640
268,CN,China,1806602,121.2457,30.1764,2021-12-13,Cixi,1457510
269,CN,China,1791121,111.69844,29.03205,2021-10-11,Changde,1457419
270,MY,Malaysia,1735161,101.68653,3.1412,2021-04-17,"Kuala Lumpur",1453975
271,CN,China,1804879,114.30742,34.7986,2021-10-20,Kaifeng,1451741
272,CN,China,2038632,122.99,41.12361,2021-12-13,Anshan,1450000
273,IR,Iran,128747,50.99155,35.83266,2021-08-20,Karaj,1448075
274,NP,Nepal,1283240,85.3206,27.70169,2019-10-18,Kathmandu,1442271
275,ID,Indonesia,1633070,104.7458,-2.91673,2019-09-05,Palembang,1441500
276,CN,China,10942359,107.23705,34.36775,2021-11-11,Baoji,1437802
277,CN,China,1793771,118.29583,33.94917,2021-10-07,Suqian,1437685
278,PK,Pakistan,1169825,71.47824,30.19679,2021-08-20,Multan,1437230
279,CN,China,1803300,109.40698,24.32405,2021-10-13,Liuzhou,1436599
280,IN,India,1254361,77.6838,8.72742,2017-08-27,Tirunelveli,1435844
281,MX,Mexico,3521081,-98.20346,19.03793,2021-08-20,Puebla,1434062
282,CN,China,1787331,120.53889,31.865,2022-04-01,Zhangjiagang,1432044
283,UA,Ukraine,706483,36.25272,49.98081,2022-04-18,Kharkiv,1430885
284,IN,India,1279259,78.01667,27.18333,2021-08-01,Agra,1430055
285,AR,Argentina,3860259,-64.18105,-31.4135,2019-09-05,Córdoba,1428214
286,IR,Iran,113646,46.2919,38.08,2019-09-05,Tabriz,1424641
287,RU,"Russian Federation",1496747,82.9346,55.0415,2019-09-05,Novosibirsk,1419007
288,KR,Korea,1841811,126.91556,35.15472,2019-09-05,Gwangju,1416938
289,CN,China,1797658,118.57415,24.81978,2021-12-13,Jinjiang,1416151
290,TR,Turkey,750269,29.06013,40.19559,2021-07-31,Bursa,1412701
291,CN,China,1816234,115.77028,33.87722,2021-10-18,Bozhou,1409436
292,CN,China,1797318,103.78333,25.48333,2021-10-14,Qujing,1408500
293,BR,Brazil,3405870,-48.50444,-1.45583,2021-08-04,Belém,1407737
294,CN,China,1784990,110.38749,21.23391,2021-12-15,Zhanjiang,1400709
295,CN,China,2037355,123.94363,41.88669,2021-09-20,Fushun,1400646
296,EC,Ecuador,3652462,-78.52495,-0.22985,2019-09-05,Quito,1399814
297,US,"United States",5391811,-117.16472,32.71571,2019-09-05,"San Diego",1394928
298,JP,Japan,1863967,130.41667,33.6,2021-08-04,Fukuoka,1392289
299,MG,Madagascar,1070940,47.53613,-18.91368,2022-03-07,Antananarivo,1391433
300,IN,India,1258847,70.79322,22.29161,2021-10-07,Rājkot,1390640
301,CN,China,1801792,112.45361,34.68361,2019-09-05,Luoyang,1390581
302,PK,Pakistan,1176734,68.37366,25.39242,2019-12-06,Hyderabad,1386330
303,US,"United States",5110266,-73.86641,40.84985,2021-08-08,"The Bronx",1385108
304,PK,Pakistan,1177662,74.18705,32.15567,2019-12-06,Gujranwala,1384471
305,CO,Colombia,3689147,-74.78132,10.96854,2021-08-04,Barranquilla,1380425
306,CN,China,1802875,113.62709,28.15861,2021-09-20,Guankou,1380000
307,CD,Congo,922704,27.47938,-11.66089,2021-09-10,Lubumbashi,1373770
308,BR,Brazil,3452925,-51.23019,-30.03283,2019-09-05,"Porto Alegre",1372741
309,ID,Indonesia,1625084,106.63,-6.17806,2021-08-02,Tangerang,1372124
310,IN,India,1262111,76.97982,28.60922,2019-07-18,Najafgarh,1365000
311,CN,China,1808963,114.48764,36.60999,2020-10-31,Handan,1358318
312,UG,Uganda,232422,32.58219,0.31628,2020-07-16,Kampala,1353189
313,CN,China,1786764,111.28472,30.71444,2021-10-12,Yichang,1350150
314,RU,"Russian Federation",1486209,60.6122,56.8519,2020-08-11,Yekaterinburg,1349772
315,CN,China,1808198,115.47358,35.23929,2022-01-14,Heze,1346717
316,BD,Bangladesh,1336135,89.56439,22.80979,2016-11-09,Khulna,1342339
317,IN,India,1269300,86.18545,22.80278,2021-12-01,Jamshedpur,1339438
318,CM,Cameroon,2232593,9.70428,4.04827,2019-09-05,Douala,1338082
319,IN,India,1270926,75.67206,29.44768,2017-09-05,Gorakhpur,1324570
320,AE,"United Arab Emirates",292672,55.41206,25.33737,2019-09-05,Sharjah,1324473
321,SA,"Saudi Arabia",104515,39.82563,21.42664,2020-05-28,Mecca,1323624
322,ID,Indonesia,1622786,119.43194,-5.14861,2019-04-10,Makassar,1321717
323,MX,Mexico,4013708,-106.46084,31.72024,2021-09-19,"Ciudad Juárez",1321004
324,CN,China,8533133,104.83333,26.59444,2021-10-14,Liupanshui,1320825
325,CN,China,1801180,110.91364,21.66625,2022-01-16,Maoming,1307802
326,JP,Japan,1859642,139.71722,35.52056,2021-08-31,Kawasaki,1306785
327,ID,Indonesia,8581443,106.71789,-6.28862,2013-11-29,"South Tangerang",1303569
328,MX,Mexico,3981609,-117.00371,32.5027,2021-08-01,Tijuana,1300983
329,US,"United States",4684888,-96.80667,32.78306,2021-07-25,Dallas,1300092
330,SA,"Saudi Arabia",109223,39.61417,24.46861,2019-09-05,Medina,1300000
331,CM,Cameroon,2220957,11.51667,3.86667,2019-09-05,Yaoundé,1299369
332,ML,Mali,2460596,-8.0,12.65,2021-03-08,Bamako,1297281
333,CN,China,1797551,108.65061,21.98247,2021-10-13,Qinzhou,1296300
334,CN,China,1801934,114.04272,33.56394,2021-10-20,Luohe,1294974
335,CN,China,1790587,112.14479,32.0422,2021-10-20,Xiangyang,1294733
336,CN,China,1806408,111.96272,21.85563,2021-10-14,Yangjiang,1292987
337,IN,India,1261731,73.79096,19.99727,2014-10-13,Nashik,1289497
338,ID,Indonesia,1627896,110.42083,-6.99306,2019-09-05,Semarang,1288084
339,CN,China,1786760,119.82016,31.36059,2022-04-01,Yixing,1285785
340,CG,Congo,2260535,15.28318,-4.26613,2012-04-25,Brazzaville,1284609
341,IN,India,1259652,73.80696,18.62292,2014-10-13,Pimpri,1284606
342,RU,"Russian Federation",520555,44.00205,56.32867,2022-02-22,"Nizhniy Novgorod",1284164
343,JO,Jordan,250441,35.94503,31.95522,2019-09-05,Amman,1275857
344,PH,Philippines,1723510,124.43972,7.20417,2017-12-13,Budta,1273715
345,RS,Serbia,792680,20.46513,44.80401,2020-01-31,Belgrade,1273651
346,UY,Uruguay,3441575,-56.18816,-34.90328,2019-09-05,Montevideo,1270737
347,ZM,Zambia,909137,28.28713,-15.40669,2019-09-05,Lusaka,1267440
348,CN,China,1788046,113.86299,34.03189,2018-12-06,Xuchang,1265536
349,IN,India,1268295,73.13554,19.2437,2014-10-13,Kalyān,1262255
350,CN,China,1783745,104.77689,29.34162,2021-10-19,Zigong,1262064
351,IN,India,1254661,72.96355,19.19704,2020-06-10,Thāne,1261517
352,DE,Germany,2867714,11.57549,48.13743,2020-12-15,Munich,1260391
353,CN,China,10630003,117.28386,34.20442,2021-09-07,Xuzhou,1253991
354,LB,Lebanon,268743,35.48333,33.9,2006-01-17,"Ra’s Bayrūt",1251739
355,CN,China,1799491,105.06216,29.58354,2021-10-19,Neijiang,1251095
356,IR,Iran,115019,52.53113,29.61031,2019-09-05,Shiraz,1249942
357,CN,China,1808316,112.32833,28.58917,2021-10-20,Yiyang,1249807
358,TR,Turkey,325363,35.32531,36.98615,2021-07-31,Adana,1248988
359,KR,Korea,1835553,127.00889,37.29111,2017-10-04,Suwon,1242724
360,CN,China,1805518,116.58139,35.405,2021-10-08,Jining,1241012
361,EG,Egypt,349076,31.25053,30.12511,2022-04-18,"Shubrā al Khaymah",1240289
362,MX,Mexico,3998655,-101.67374,21.12908,2018-11-03,"León de los Aldama",1238962
363,IT,Italy,3173435,9.18951,45.46427,2020-05-28,Milan,1236837
364,NG,Nigeria,2352778,7.49508,9.05785,2022-04-01,Abuja,1235880
365,HT,Haiti,3718426,-72.33881,18.54349,2019-09-05,Port-au-Prince,1234742
366,CN,China,1788534,114.06556,32.12278,2021-10-20,Xinyang,1230042
367,CN,China,1803834,116.00247,36.45064,2021-10-20,Liaocheng,1229768
368,CN,China,10942283,112.75471,37.68403,2021-10-21,Jinzhong,1226617
369,AU,Australia,2078025,138.59863,-34.92866,2022-03-07,Adelaide,1225235
370,IN,India,1263214,77.70636,28.98002,2015-05-06,Meerut,1223184
371,IN,India,1261162,82.54826,19.23114,2014-10-14,Nowrangapur,1220946
372,IN,India,1271951,77.31316,28.41124,2021-08-01,Faridabad,1220229
373,PK,Pakistan,1168197,71.57849,34.008,2019-12-06,Peshawar,1218773
374,CN,China,1808956,113.10528,36.18389,2021-10-11,Changzhi,1214940
375,CN,China,1792892,105.74238,34.57952,2021-10-13,Tianshui,1212791
376,PH,Philippines,1715348,125.61278,7.07306,2017-12-13,Davao,1212504
377,MM,Myanmar,1311874,96.08359,21.97473,2019-09-05,Mandalay,1208099
378,DO,"Dominican Republic",3492914,-70.69703,19.4517,2020-10-23,"Santiago de los Caballeros",1200000
379,SD,Sudan,365137,32.47773,15.64453,2012-02-02,Omdurman,1200000
380,CN,China,1791636,109.50891,34.50355,2021-11-11,Weinan,1199290
381,IN,India,1271308,77.43915,28.66535,2018-07-13,Ghāziābād,1199191
382,ID,Indonesia,1645524,106.81861,-6.4,2021-08-02,Depok,1198129
383,IN,India,1272979,86.42992,23.79759,2021-12-04,Dhanbad,1196214
384,JP,Japan,6940394,139.65657,35.90807,2017-07-22,Saitama,1193350
385,IN,India,1272423,73.08333,19.21667,2014-10-13,Dombivli,1193000
386,MZ,Mozambique,1040652,32.58322,-25.96553,2020-07-30,Maputo,1191613
387,MX,Mexico,3514674,-99.11075,19.49392,2018-11-03,"Gustavo Adolfo Madero",1185772
388,CN,China,1805953,120.75,30.7522,2021-12-13,Jiaxing,1180000
389,AR,Argentina,3838583,-60.63932,-32.94682,2015-04-22,Rosario,1173533
390,BR,Brazil,3462377,-49.25389,-16.67861,2010-01-21,Goiânia,1171195
391,BR,Brazil,3461786,-46.53333,-23.46278,2017-12-12,Guarulhos,1169577
392,CZ,"Czech Republic",3067696,14.42076,50.08804,2020-05-28,Prague,1165581
393,IN,India,1253405,83.01041,25.31668,2019-05-07,Varanasi,1164404
394,ID,Indonesia,6295587,104.02491,1.14937,2020-11-01,Batam,1164352
395,CN,China,1805179,116.00206,29.70475,2021-10-11,Jiujiang,1164268
396,DK,Denmark,2618425,12.56553,55.67594,2012-11-26,Copenhagen,1153615
397,BG,Bulgaria,727011,23.32415,42.69751,2022-05-05,Sofia,1152556
398,LY,"Libyan Arab Jamahiriya",2210247,13.18733,32.88743,2019-09-05,Tripoli,1150989
399,CN,China,1785294,114.38278,36.096,2021-10-20,Anyang,1146839
400,JP,Japan,1862415,132.45,34.4,2021-08-25,Hiroshima,1143841
401,MX,Mexico,3979770,-103.38479,20.72356,2021-08-08,Zapopan,1142483
402,CN,China,1816373,105.28627,27.30193,2021-10-14,Bijie,1137383
403,MX,Mexico,3995465,-100.31847,25.67507,2019-09-05,Monterrey,1135512
404,RU,"Russian Federation",499099,50.15,53.20007,2021-09-19,Samara,1134730
405,RW,Rwanda,202061,30.05885,-1.94995,2021-11-09,Kigali,1132686
406,CN,China,1783763,113.15,27.83333,2021-10-20,Zhuzhou,1129687
407,RU,"Russian Federation",1496153,73.36859,54.99244,2021-09-19,Omsk,1129281
408,PH,Philippines,1978681,124.475,7.16083,2017-12-13,Malingao,1121974
409,IN,India,1258526,85.3094,23.34316,2021-12-01,Ranchi,1120374
410,AZ,Azerbaijan,587084,49.89201,40.37767,2019-09-05,Baku,1116513
411,CN,China,1787858,117.94287,28.45179,2021-10-07,Shangrao,1116486
412,VE,Venezuela,3648522,-69.35703,10.0647,2021-10-28,Barquisimeto,1114097
413,CN,China,1807700,116.79167,33.97444,2021-10-18,Huaibei,1113321
414,NG,Nigeria,2331447,13.15712,11.84692,2019-05-17,Maiduguri,1112449
415,CN,China,1800818,103.83696,30.04392,2021-10-19,Meishan,1107742
416,RU,"Russian Federation",551487,49.12214,55.78874,2019-09-05,Kazan,1104738
417,MX,Mexico,3530589,-99.01483,19.40061,2021-10-07,"Ciudad Nezahualcoyotl",1104585
418,AM,Armenia,616052,44.51361,40.18111,2019-09-05,Yerevan,1093485
419,IN,India,1278710,74.87534,31.62234,2015-11-08,Amritsar,1092450
420,CN,China,1810820,116.33333,27.95999,2021-10-20,Fuzhou,1089888
421,BF,"Burkina Faso",2357048,-1.53388,12.36566,2021-03-10,Ouagadougou,1086505
422,CN,China,1809532,109.59472,23.11603,2021-10-14,Guigang,1086327
423,CN,China,1808370,112.61888,26.88946,2021-10-12,Hengyang,1075516
424,RU,"Russian Federation",501175,39.72328,47.23135,2019-09-05,Rostov-na-Donu,1074482
425,IN,India,1278994,81.84322,25.44478,2020-07-10,Allahābād,1073438
426,KR,Korea,1842485,126.835,37.65639,2022-02-27,Goyang-si,1073069
427,TR,Turkey,314830,37.3825,37.05944,2021-08-01,Gaziantep,1065975
428,IN,India,1253102,83.20161,17.68009,2019-09-05,Visakhapatnam,1063178
429,JP,Japan,2111149,140.86667,38.26667,2021-08-25,Sendai,1063103
430,RU,"Russian Federation",1508291,61.42915,55.15402,2021-08-08,Chelyabinsk,1062919
431,CN,China,1785781,110.14686,22.6305,2021-10-14,Yulin,1056743
432,CN,China,1805540,112.19028,30.35028,2021-10-20,Jingzhou,1052282
433,GE,Georgia,611717,44.83368,41.69411,2019-12-03,Tbilisi,1049498
434,CN,China,1788572,113.80151,35.19033,2021-11-21,Xinxiang,1047088
435,CN,China,1786746,114.4,27.83333,2021-10-11,Yichun,1045952
436,TW,Taiwan,1668399,120.6839,24.1469,2021-08-01,Taichung,1040725
437,IN,India,1254745,77.47772,10.01115,2017-08-02,Teni,1034724
438,CN,China,1790353,108.70261,34.33778,2021-09-20,Xianyang,1034081
439,RU,"Russian Federation",479561,55.96779,54.74306,2019-09-05,Ufa,1033338
440,KR,Korea,1897000,127.13778,37.43861,2014-01-19,Seongnam-si,1031935
441,BR,Brazil,3467865,-47.06083,-22.90556,2021-09-19,Campinas,1031554
442,CN,China,1796556,109.505,18.24306,2021-12-06,Sanya,1031396
443,IN,India,1269633,79.95006,23.16697,2021-09-19,Jabalpur,1030168
444,CN,China,1795874,113.58333,24.8,2021-10-14,Shaoguan,1028460
445,IN,India,1270396,88.31857,22.57688,2020-06-10,Hāora,1027672
446,US,"United States",5392171,-121.89496,37.33939,2019-09-05,"San Jose",1026908
447,CN,China,1802276,117.01775,25.07485,2021-10-08,Longyan,1025087
448,UA,Ukraine,709717,37.80224,48.023,2022-02-27,Donetsk,1024700
449,IE,Ireland,2964574,-6.24889,53.33306,2022-03-09,Dublin,1024027
450,IN,India,1254388,78.69651,10.8155,2021-12-01,Tiruchirappalli,1022518
451,CN,China,1786217,111.61306,26.42389,2021-10-13,Yongzhou,1020715
452,CA,Canada,5913490,-114.08529,51.05011,2019-09-05,Calgary,1019942
453,BE,Belgium,2800866,4.34878,50.85045,2022-03-09,Brussels,1019022
454,IN,India,1278149,75.34226,19.87757,2021-08-02,Aurangabad,1016441
455,CN,China,1806535,120.0933,30.8703,2021-10-07,Huzhou,1015937
456,UA,Ukraine,698740,30.74383,46.48572,2022-03-22,Odessa,1013159
457,RU,"Russian Federation",472757,44.50183,48.71939,2019-09-05,Volgograd,1011417
458,CN,China,1803936,102.63202,37.92672,2021-12-17,Wuwei,1010295
459,CN,China,1808857,107.02214,33.07507,2021-10-20,Hanzhong,1006557
460,CN,China,7576887,111.56675,24.40357,2021-10-14,Hezhou,1005490
461,BR,Brazil,3456160,-43.45111,-22.75917,2012-03-10,"Nova Iguaçu",1002118
462,IN,India,6943660,73.85263,18.53017,2019-06-06,"Shivaji Nagar",1000000
463,CN,China,7602670,119.40259,35.99502,2021-09-20,"Zhu Cheng City",1000000
464,CN,China,1812101,118.49165,37.46271,2021-10-09,Dongying,998968
465,CN,China,1801640,105.42575,28.8903,2021-10-19,Luzhou,998900
466,UA,Ukraine,709930,35.04066,48.46664,2022-02-27,Dnipro,998103
467,JP,Japan,1859307,130.85034,33.85181,2017-07-22,Kitakyushu,997536
468,IN,India,1256436,75.91044,17.67152,2017-03-21,Solāpur,997281
469,GT,Guatemala,3598132,-90.51327,14.64072,2020-07-15,"Guatemala City",994938
470,CN,China,1800779,116.11768,24.28859,2021-10-08,Meizhou,992351
471,CN,China,1927639,113.09481,29.37455,2021-10-11,Yueyang,991465
472,CN,China,1804591,117.65694,36.19278,2021-11-04,Laiwu,989535
473,VN,"Viet Nam",1583992,108.22083,16.06778,2021-12-08,"Da Nang",988561
474,CN,China,2038300,123.765,41.28861,2018-12-06,Benxi,987717
475,GB,"United Kingdom",2655603,-1.89983,52.48142,2021-07-25,Birmingham,984333
476,RU,"Russian Federation",511196,56.25017,58.01046,2019-09-05,Perm,982419
477,CN,China,1798827,113.30119,33.73847,2021-10-20,Pingdingshan,979130
478,IN,India,1255634,74.80555,34.08565,2019-09-05,Srinagar,975857
479,NG,Nigeria,2317765,7.7227,11.11128,2016-06-22,Zaria,975153
480,NI,Nicaragua,3617763,-86.2504,12.13282,2019-09-05,Managua,973087
481,CN,China,1816440,117.36083,32.94083,2021-10-07,Bengbu,972784
482,ZA,"South Africa",964420,25.61494,-33.96109,2021-05-05,"Port Elizabeth",967677
483,MA,Morocco,2548885,-5.00028,34.03313,2020-06-11,Fès,964891
484,DE,Germany,2886242,6.95,50.93333,2020-11-12,Köln,963395
485,IN,India,1254348,77.35456,11.11541,2021-12-01,Tiruppur,963173
486,KR,Korea,1833747,129.31667,35.53722,2021-09-19,Ulsan,962865
487,IN,India,1274746,76.7884,30.73629,2020-06-10,Chandīgarh,960787
488,IT,Italy,3172394,14.26811,40.85216,2019-09-19,Naples,959470
489,CN,China,1790492,112.9,27.85,2021-10-20,Xiangtan,959303
490,CN,China,1803567,111.51889,36.08889,2021-10-11,Linfen,959198
491,HK,"Hong Kong",1931681,114.14417,22.2875,2022-06-25,Victoria,956800
492,BR,Brazil,3395981,-35.73528,-9.66583,2010-01-21,Maceió,954991
493,CO,Colombia,3687238,-75.51444,10.39972,2018-04-20,Cartagena,952024
494,CN,China,1784642,119.45508,32.21086,2021-10-07,Zhenjiang,950516
495,VE,Venezuela,3645528,-62.64102,8.35122,2021-11-07,"Ciudad Guayana",950052
496,US,"United States",4160021,-81.65565,30.33218,2022-01-28,Jacksonville,949611
497,SA,"Saudi Arabia",101760,39.58572,24.49258,2012-01-16,Sulţānah,946697
498,LR,Liberia,2274895,-10.7969,6.30054,2019-09-05,Monrovia,939524
499,JM,Jamaica,3489854,-76.79358,17.99702,2021-08-01,Kingston,937700
500,CN,China,1281673,99.16366,25.11626,2021-10-18,Baoshan,935618
501,IQ,Iraq,95446,44.01193,36.18333,2020-10-21,Erbil,932800
502,US,"United States",4671654,-97.74306,30.26715,2019-09-05,Austin,931830
503,CN,China,1797063,120.65859,27.77605,2021-10-07,Rui’an,927383
504,RU,"Russian Federation",1502026,92.86717,56.01839,2021-10-07,Krasnoyarsk,927200
505,MM,Myanmar,6611854,96.12972,19.745,2017-09-27,"Nay Pyi Taw",925000
506,IN,India,1268865,73.00594,26.26841,2020-10-24,Jodhpur,921476
507,JP,Japan,2113015,140.11667,35.6,2017-04-09,Chiba,919729
508,US,"United States",4691930,-97.32085,32.72541,2022-01-28,"Fort Worth",918915
509,IN,India,1257629,78.15538,11.65376,2021-12-01,Salem,917414
510,BR,Brazil,3388368,-44.30278,-2.52972,2017-12-27,"São Luís",917237
511,CN,China,1804609,109.22222,23.74743,2021-10-14,Laibin,910282
512,CN,China,1790254,113.92221,30.92689,2021-10-20,Xiaogan,908266
513,US,"United States",4509177,-82.99879,39.96118,2022-01-28,Columbus,905748
514,CN,China,1783683,104.64811,30.12108,2021-10-19,Ziyang,905729
515,MA,Morocco,2537763,-6.79846,34.0531,2016-11-04,Sale,903485
516,CN,China,1797264,118.86861,28.95944,2021-10-07,Quzhou,902767
517,IQ,Iraq,100077,44.18477,33.30563,2015-01-07,"Abū Ghurayb",900000
518,IR,Iran,119208,50.8764,34.6401,2019-09-05,Qom,900000
519,KG,Kyrgyzstan,1528675,74.59,42.87,2019-09-05,Bishkek,900000
520,CI,"Côte d'Ivoire",2293521,-4.0159,5.41613,2019-02-26,Abobo,900000
521,CN,China,1785453,117.55417,34.86472,2021-10-18,Zaozhuang,899753
522,IN,India,1271476,91.7458,26.1844,2015-06-03,Guwahati,899094
523,NG,Nigeria,2353151,7.36667,5.10658,2020-06-29,Aba,897560
524,CN,China,1798654,113.85353,27.61672,2021-10-20,Pingxiang,893550
525,US,"United States",4259418,-86.15804,39.76838,2022-01-28,Indianapolis,887642
526,CN,China,1886762,122.20488,29.98869,2021-10-07,Zhoushan,882932
527,IN,India,1270583,78.17337,26.22983,2014-10-14,Gwalior,882458
528,CN,China,2035265,123.96154,47.33922,2022-03-11,Qiqihar,882364
529,MY,Malaysia,1732905,101.44333,3.03667,2021-04-17,Klang,879867
530,AR,Argentina,3844421,-68.82717,-32.89084,2020-07-08,Mendoza,876884
531,TR,Turkey,306571,32.48464,37.87135,2019-09-05,Konya,875530
532,CN,China,1802940,116.16869,23.31072,2021-10-07,Puning,874954
533,CD,Congo,209228,23.58979,-6.13603,2022-02-14,Mbuji-Mayi,874761
534,IN,India,1253184,80.6466,16.50745,2019-05-07,Vijayawada,874587
535,US,"United States",4460243,-80.84313,35.22709,2022-01-28,Charlotte,874579
536,SN,Senegal,2246678,-17.39071,14.76457,2012-12-05,Pikine,874062
537,IT,Italy,3165524,7.68682,45.07049,2022-03-19,Turin,870456
538,CN,China,1789065,109.01722,32.68,2021-10-20,Ankang,870126
539,IN,India,1262321,76.63925,12.29791,2019-04-01,Mysore,868313
540,CN,China,1804540,116.69472,39.50972,2021-10-20,Langfang,868066
541,CN,China,1805987,113.23306,35.23972,2021-10-20,Jiaozuo,865413
542,US,"United States",5391959,-122.41942,37.77493,2022-03-09,"San Francisco",864816
543,GB,"United Kingdom",2644210,-2.97794,53.41058,2021-07-25,Liverpool,864122
544,RU,"Russian Federation",498677,46.00861,51.54056,2021-01-22,Saratov,863725
545,IN,India,12069922,77.06778,28.74322,2019-07-18,Rohini,860000
546,CN,China,1799194,106.63696,30.47413,2021-10-19,Guang’an,858159
547,HN,Honduras,3600949,-87.20681,14.0818,2019-09-05,Tegucigalpa,850848
548,KR,Korea,1838716,126.78306,37.49889,2014-01-19,Bucheon-si,850731
549,RU,"Russian Federation",472045,39.1843,51.67204,2021-08-08,Voronezh,848752
550,MN,Mongolia,2028462,106.88324,47.90771,2018-08-23,"Ulan Bator",844818
551,CN,China,1791673,122.11356,37.50914,2021-10-09,Weihai,844310
552,KH,Cambodia,1821940,104.78498,10.99081,2021-01-02,Takeo,843931
553,VN,"Viet Nam",1581298,106.68345,20.86481,2021-12-08,Haiphong,841520
554,BO,Bolivia,3919968,-66.1568,-17.3895,2021-11-10,Cochabamba,841276
555,IR,Iran,144448,48.6842,31.31901,2019-09-05,Ahvaz,841145
556,PE,Peru,3947322,-71.535,-16.39889,2019-09-05,Arequipa,841130
557,ID,Indonesia,1633419,100.35427,-0.94924,2019-09-05,Padang,840352
558,IN,India,1269920,75.13378,15.34776,2018-01-11,Hubli,840214
559,CN,China,1785412,121.45972,31.25861,2021-09-20,Zhabei,840000
560,CN,China,1788508,114.93335,27.80429,2021-10-20,Xinyu,839488
561,MA,Morocco,2542997,-7.99994,31.63416,2016-11-03,Marrakesh,839296
562,CN,China,1786770,104.63994,28.7593,2021-10-19,Yibin,836340
563,ID,Indonesia,1645528,115.21667,-8.65,2019-09-05,Denpasar,834881
564,MY,Malaysia,1771023,101.53333,3.15,2021-04-17,"Kampung Baru Subang",833571
565,CN,China,1793703,121.09389,31.44778,2022-04-01,Taicang,831113
566,VN,"Viet Nam",1587923,106.82432,10.94469,2021-12-08,"Biên Hòa",830829
567,CN,China,1815059,113.03333,25.8,2022-01-17,Chenzhou,822534
568,BR,Brazil,3464374,-43.31167,-22.78556,2014-11-03,"Duque de Caxias",818329
569,NG,Nigeria,2335953,8.89212,9.92849,2016-01-30,Jos,816824
570,ES,Spain,2509954,-0.37739,39.46975,2019-09-05,Valencia,814208
571,NG,Nigeria,2337639,4.54214,8.49664,2019-09-05,Ilorin,814192
572,PE,Peru,3946083,-77.11814,-12.05659,2019-09-05,Callao,813264
573,CA,Canada,6094817,-75.69812,45.41117,2019-09-05,Ottawa,812129
574,VN,"Viet Nam",1586203,105.78825,10.03711,2021-12-08,"Cần Thơ",812088
575,MX,Mexico,4014338,-106.08889,28.63528,2021-08-08,Chihuahua,809232
576,CN,China,1817993,117.04723,30.51365,2021-10-18,Anqing,804493
577,SL,"Sierra Leone",2409306,-13.2356,8.48714,2019-10-28,Freetown,802639
578,MY,Malaysia,1732752,103.7578,1.4655,2021-04-17,"Johor Bahru",802489
579,IL,Israel,281184,35.21633,31.76904,2022-02-24,Jerusalem,801000
580,ID,Indonesia,1624917,105.26111,-5.42917,2016-04-10,"Bandar Lampung",800348
581,IN,India,1261809,77.09288,28.85267,2019-07-18,Narela,800000
582,ID,Indonesia,1648473,106.78917,-6.59444,2021-08-04,Bogor,800000
583,KE,Kenya,186301,39.66359,-4.05466,2021-09-19,Mombasa,799668
584,CN,China,1788927,114.49417,37.06306,2021-10-20,Xingtai,798770
585,PH,Philippines,1717512,123.89071,10.31672,2021-08-08,"Cebu City",798634
586,JP,Japan,1855431,139.00589,37.88637,2021-09-29,Niigata,797591
587,OM,Oman,287286,58.40778,23.58413,2019-09-05,Muscat,797000
588,FR,France,2995469,5.38107,43.29695,2020-05-15,Marseille,794811
589,JO,Jordan,250090,36.08796,32.07275,2013-04-21,Zarqa,792665
590,MX,Mexico,3522790,-99.23963,19.47851,2018-11-03,"Naucalpan de Juárez",792211
591,TR,Turkey,6955677,32.86268,39.9179,2019-02-27,Çankaya,792189
592,JP,Japan,1863289,137.73333,34.7,2021-11-05,Hamamatsu,791707
593,PK,Pakistan,1167460,70.30345,28.41987,2017-09-26,"Rahim Yar Khan",788915
594,IR,Iran,10630176,48.47168,34.77772,2015-09-02,"Pasragad Branch",787878
595,CN,China,1784841,103.71667,27.31667,2021-10-19,Zhaotong,787845
596,CN,China,6929460,101.71276,26.58509,2021-10-19,Panzhihua,787177
597,DZ,Algeria,2474141,3.47717,36.76639,2020-06-02,Boumerdas,786499
598,IN,India,1268782,75.57917,31.32556,2018-10-19,Jalandhar,785178
599,IN,India,1254163,76.94924,8.4855,2020-05-01,Thiruvananthapuram,784153
600,CN,China,1814757,118.29778,32.32194,2021-10-18,Chuzhou,782671
601,JP,Japan,1853195,135.46667,34.58333,2017-07-22,Sakai,782339
602,AR,Argentina,3836873,-65.2226,-26.82414,2019-09-05,"San Miguel de Tucumán",781023
603,EG,Egypt,358619,32.3019,31.26531,2022-04-18,"Port Said",780515
604,BJ,Benin,2394819,2.41833,6.36536,2019-09-05,Cotonou,780000
605,MX,Mexico,3523349,-89.61696,20.97537,2019-10-07,Mérida,777615
606,SY,"Syrian Arab Republic",169577,36.72339,34.72682,2019-09-05,Homs,775404
607,CN,China,1788081,118.75528,30.9525,2021-10-21,Xuanzhou,774332
608,NE,Niger,2440485,2.1098,13.51366,2019-09-05,Niamey,774235
609,TW,Taiwan,1668355,120.21333,22.99083,2021-08-08,Tainan,771235
610,CN,China,1817720,120.87111,30.01556,2021-09-19,Shangyu,770000
611,PL,Poland,3093133,19.47395,51.77058,2020-12-19,Łódź,768755
612,SA,"Saudi Arabia",110336,50.10326,26.43442,2014-08-19,Dammam,768602
613,IR,Iran,23814,47.0553,34.3838,2012-01-16,Kahrīz,766706
614,CN,China,1817968,105.93333,26.25,2021-10-14,Anshun,765313
615,IN,India,1266049,75.83907,25.18254,2019-02-28,Kota,763088
616,BR,Brazil,3394023,-35.20944,-5.795,2019-02-27,Natal,763043
617,IN,India,1275817,85.83385,20.27241,2014-10-14,Bhubaneshwar,762243
618,CN,China,1790840,111.28848,23.48054,2021-10-14,Wuzhou,761948
619,CN,China,1797595,119.58833,39.93167,2018-12-06,Qinhuangdao,759718
620,TR,Turkey,323777,30.69556,36.90812,2021-08-01,Antalya,758188
621,PL,Poland,3094802,19.93658,50.06143,2020-09-18,Kraków,755050
622,IN,India,1279017,78.07464,27.88145,2020-06-10,Alīgarh,753207
623,CN,China,1816920,111.46214,27.23818,2021-10-13,Shaoyang,753194
624,ZA,"South Africa",965301,30.39278,-29.61679,2019-09-05,Pietermaritzburg,750845
625,TG,Togo,2365267,1.22154,6.12874,2019-09-05,Lomé,749700
626,TR,Turkey,751324,28.85671,41.03903,2021-12-03,Bağcılar,749024
627,PE,Peru,3691175,-79.02998,-8.11599,2019-09-05,Trujillo,747450
628,ID,Indonesia,1636722,112.6304,-7.9797,2013-05-20,Malang,746716
629,IN,India,1277013,79.43167,28.36678,2017-05-07,Bareilly,745435
630,BR,Brazil,3386496,-42.80194,-5.08917,2019-09-05,Teresina,744512
631,BR,Brazil,3449344,-46.565,-23.69389,2014-03-05,"São Bernardo do Campo",743372
632,CN,China,2036986,130.29033,47.34727,2021-12-15,Hegang,743307
633,LV,Latvia,456172,24.10589,56.946,2019-09-05,Riga,742572
634,NL,Netherlands,2759794,4.88969,52.37403,2022-03-09,Amsterdam,741636
635,CN,China,1801620,118.51008,31.68579,2021-10-21,Ma’anshan,741531
636,UA,Ukraine,687700,35.11714,47.85167,2022-04-06,Zaporizhzhya,738728
637,US,"United States",5809844,-122.33207,47.60621,2022-01-28,Seattle,737015
638,NG,Nigeria,2325200,3.93235,7.85367,2022-06-18,Oyo,736072
639,CN,China,1812961,104.38198,31.13019,2021-10-19,Deyang,735070
640,PK,Pakistan,1167528,67.00141,30.18414,2021-10-07,Quetta,733675
641,CN,China,1787351,113.56333,37.8575,2021-10-21,Yangquan,731228
642,BR,Brazil,3467747,-54.64639,-20.44278,2019-09-05,"Campo Grande",729151
643,TM,Turkmenistan,162183,58.38333,37.95,2019-09-05,Ashgabat,727700
644,MX,Mexico,3514663,-99.20329,19.35867,2018-11-03,"Álvaro Obregón",726664
645,PK,Pakistan,1169607,73.47082,34.37002,2020-08-27,Muzaffarābād,725000
646,CN,China,12358576,108.39586,30.76451,2021-10-19,Wanzhou,723215
647,IQ,Iraq,98463,45.4329,35.56496,2020-12-08,"As Sulaymānīyah",723170
648,MX,Mexico,3985606,-100.97916,22.14982,2020-06-10,"San Luis Potosí",722772
649,MX,Mexico,4019233,-102.28259,21.88234,2021-08-01,Aguascalientes,722250
650,CN,China,1783873,114.02944,32.97944,2021-10-20,Zhumadian,721670
651,CO,Colombia,3685533,-72.50782,7.89391,2019-09-05,Cúcuta,721398
652,IN,India,1262801,78.77684,28.83893,2018-07-13,Morādābād,721139
653,TD,Chad,2427123,15.0444,12.10672,2022-03-11,"N'Djamena",721081
654,UA,Ukraine,702550,24.02324,49.83826,2022-04-18,Lviv,717803
655,KR,Korea,1846918,126.82194,37.32361,2021-12-03,Ansan-si,716785
656,US,"United States",5419384,-104.9847,39.73915,2022-01-28,Denver,715522
657,MX,Mexico,4004898,-110.97732,29.1026,2018-11-03,Hermosillo,715061
658,CA,Canada,5946768,-113.46871,53.55014,2021-07-25,Edmonton,712391
659,KR,Korea,1845457,127.14889,35.82194,2021-08-06,Jeonju,711424
660,MX,Mexico,3988086,-101.0053,25.42321,2018-11-03,Saltillo,709671
661,MY,Malaysia,8504423,101.58062,3.04384,2021-04-17,"Subang Jaya",708296
662,IN,India,1275901,73.05881,19.30023,2014-10-13,Bhiwandi,707035
663,ID,Indonesia,1631761,101.44167,0.51667,2020-11-01,Pekanbaru,703956
664,ES,Spain,2510911,-5.97317,37.38283,2019-09-05,Sevilla,703206
665,RU,"Russian Federation",482283,49.3461,53.5303,2021-08-03,Tolyatti,702879
666,BR,Brazil,3397838,-35.00139,-8.18028,2012-08-03,Jaboatão,702621
667,JP,Japan,1851717,138.38333,34.98333,2021-08-25,Shizuoka,701561
668,DO,"Dominican Republic",7874116,-70.0,18.5,2016-06-05,"Santo Domingo Oeste",701269
669,BD,Bangladesh,1185128,88.60114,24.374,2020-06-10,Rājshāhi,700133
670,PK,Pakistan,1183105,73.02329,34.67719,2016-12-15,Battagram,700000
671,DO,"Dominican Republic",8601412,-69.85707,18.48847,2019-02-26,"Santo Domingo Este",700000
672,EG,Egypt,359796,32.52627,29.97371,2022-04-18,Suez,699541
673,CN,China,1815463,111.73861,35.20889,2021-09-20,Changzhi,699514
674,ZW,Zimbabwe,894701,28.58333,-20.15,2019-09-05,Bulawayo,699385
675,HR,Croatia,3186886,15.97798,45.81444,2019-09-05,Zagreb,698966
676,MA,Morocco,2561668,-9.59815,30.42018,2019-05-09,Agadir,698310
677,BA,"Bosnia and Herzegovina",3191281,18.35644,43.84864,2019-09-05,Sarajevo,696731
678,AR,Argentina,3432043,-57.95453,-34.92145,2019-09-05,"La Plata",694167
679,TN,Tunisia,2464470,10.16579,36.81897,2019-09-05,Tunis,693210
680,CN,China,2033196,114.87139,40.78341,2022-02-17,Zhangjiakou,692602
681,PH,Philippines,1694781,121.01749,14.48156,2022-06-15,"Paranaque City",689992
682,MX,Mexico,3996069,-115.45446,32.62781,2021-10-07,Mexicali,689775
683,US,"United States",4140963,-77.03637,38.89511,2022-05-02,Washington,689545
684,US,"United States",4644585,-86.78444,36.16589,2022-01-28,Nashville,689447
685,CN,China,2037346,121.65889,42.01556,2018-12-06,Fuxin,689050
686,NG,Nigeria,2343279,7.49883,6.44132,2016-01-30,Enugu,688862
687,MA,Morocco,2530335,-5.79975,35.76727,2016-11-02,Tangier,688356
688,CN,China,1807234,115.04814,30.24706,2021-09-20,Huangshi,688090
689,CN,China,2036113,123.17306,41.27194,2021-09-20,Liaoyang,687890
690,CN,China,1816269,106.62684,23.89013,2021-11-11,Baise,686078
691,GB,"United Kingdom",2638077,-1.4659,53.38297,2021-07-25,Sheffield,685368
692,CN,China,1816336,118.01667,37.36667,2022-01-20,Binzhou,682717
693,US,"United States",5520993,-106.48693,31.75872,2019-09-05,"El Paso",681124
694,US,"United States",4544349,-97.51643,35.46756,2022-01-28,"Oklahoma City",681054
695,JP,Japan,1858421,130.69181,32.80589,2017-07-21,Kumamoto,680423
696,CN,China,1785738,110.99278,35.02306,2021-12-17,Yuncheng,680036
697,IN,India,1258980,81.63333,21.23333,2014-10-14,Raipur,679995
698,PH,Philippines,1713022,125.17167,6.11278,2017-12-13,"General Santos",679588
699,CN,China,1812955,116.36706,37.44661,2021-10-20,Dezhou,679535
700,TJ,Tajikistan,1221874,68.77905,38.53575,2016-10-19,Dushanbe,679400
701,BR,Brazil,3455775,-46.79167,-23.5325,2012-09-27,Osasco,677856
702,US,"United States",4990729,-83.04575,42.33143,2021-07-29,Detroit,677116
703,MX,Mexico,4012176,-107.38782,24.79032,2020-06-10,Culiacán,675773
704,US,"United States",4930956,-71.05977,42.35843,2022-03-09,Boston,675647
705,MZ,Mozambique,1039854,32.45889,-25.96222,2013-07-04,Matola,675422
706,ES,Spain,3104324,-0.87734,41.65606,2021-08-08,Zaragoza,674317
707,IN,India,1270927,83.36889,26.76628,2015-09-06,Gorakhpur,674246
708,MX,Mexico,4005492,-100.25646,25.67678,2018-11-03,Guadalupe,673616
709,MX,Mexico,3533462,-99.90891,16.84942,2019-09-05,"Acapulco de Juárez",673479
710,MY,Malaysia,1734634,101.0829,4.5841,2021-04-17,Ipoh,673318
711,CN,China,1796669,111.18139,34.77472,2021-10-20,Sanmenxia,669307
712,CN,China,6642286,114.88655,30.39607,2021-10-20,E’zhou,668727
713,CA,Canada,6075357,-79.6583,43.5789,2012-07-01,Mississauga,668549
714,KR,Korea,1845759,127.1522,36.8065,2021-12-03,Cheonan,666417
715,CN,China,2035715,129.62594,44.54804,2021-11-11,Mudanjiang,665915
716,GR,Greece,264371,23.72784,37.98376,2022-03-07,Athens,664046
717,CN,China,1804153,103.76386,29.56227,2021-10-19,Leshan,662814
718,BR,Brazil,3449701,-46.53833,-23.66389,2019-09-19,"Santo André",662373
719,CN,China,9072919,119.52908,35.41414,2021-10-11,Rizhao,661943
720,MR,Mauritania,2377450,-15.9785,18.08581,2019-09-05,Nouakchott,661400
721,CG,Congo,2255414,11.86352,-4.77609,2019-01-09,Pointe-Noire,659084
722,IN,India,1259425,79.82979,11.93381,2021-12-01,Puducherry,657209
723,CN,China,1793900,105.57332,30.50802,2021-10-19,Suining,656760
724,US,"United States",4641239,-90.04898,35.14953,2019-09-05,Memphis,655770
725,CN,China,9181182,115.01721,35.76318,2021-10-20,Puyang,655674
726,MX,Mexico,3515431,-99.19538,19.54005,2020-10-24,Tlalnepantla,653410
727,US,"United States",5746545,-122.67621,45.52345,2022-01-28,Portland,652503
728,BR,Brazil,3397277,-34.86306,-7.115,2019-09-05,"João Pessoa",650883
729,LY,"Libyan Arab Jamahiriya",88319,20.06859,32.11486,2019-09-05,Benghazi,650629
730,DE,Germany,2925533,8.68417,50.11552,2022-03-09,"Frankfurt am Main",650000
731,RU,"Russian Federation",542420,38.97603,45.04484,2019-02-27,Krasnodar,649851
732,MO,Macau,1821274,113.54611,22.20056,2021-12-13,Macau,649335
733,IT,Italy,2523920,13.33561,38.13205,2019-03-09,Palermo,648260
734,LK,"Sri Lanka",1248991,79.84868,6.93548,2019-09-05,Colombo,648034
735,MW,Malawi,927967,33.78725,-13.96692,2019-09-05,Lilongwe,646750
736,DZ,Algeria,2485926,-0.63588,35.69906,2020-12-30,Oran,645984
737,TR,Turkey,316541,40.21721,37.91363,2020-06-10,Diyarbakır,644763
738,PH,Philippines,1684308,121.0792,14.5243,2017-12-15,Taguig,644473
739,US,"United States",4645421,-90.05676,35.08676,2012-07-25,"New South Memphis",641608
740,KR,Korea,1843847,126.8169,37.20682,2021-12-03,Hwaseong-si,640890
741,RU,"Russian Federation",479123,48.38657,54.32824,2019-09-05,Ulyanovsk,640680
742,PK,Pakistan,1173055,73.9022,33.51836,2019-12-06,Kotli,640000
743,JP,Japan,1854383,133.93333,34.65,2019-02-27,Okayama,639652
744,KW,Kuwait,285839,48.08389,29.07694,2014-01-04,"Al Aḩmadī",637411
745,ID,Indonesia,1621177,110.36472,-7.80139,2016-04-10,Yogyakarta,636660
746,MD,Moldova,618426,28.8575,47.00556,2022-02-17,Chisinau,635994
747,PL,Poland,3081368,17.03333,51.1,2021-10-06,Wrocław,634893
748,CN,China,1808770,114.1925,35.89917,2021-11-21,Hebi,634721
749,KR,Korea,1845604,127.48972,36.63722,2014-08-18,Cheongju-si,634596
750,DZ,Algeria,2477461,8.12417,35.40417,2020-06-11,Tébessa,634332
751,CN,China,1805611,112.20472,31.03361,2021-10-20,Jingmen,632954
752,CA,Canada,6183235,-97.14704,49.8844,2019-09-05,Winnipeg,632063
753,CN,China,2037886,124.39472,40.12917,2018-12-06,Dandong,631973
754,RU,"Russian Federation",554840,53.20448,56.84976,2019-09-05,Izhevsk,631038
755,BR,Brazil,6317344,-35.01472,-8.11278,2012-03-10,"Jaboatão dos Guararapes",630008
756,MX,Mexico,3531673,-86.84656,21.17429,2019-10-07,Cancún,628306
757,BR,Brazil,3465624,-44.05361,-19.93167,2012-08-03,Contagem,627123
758,MX,Mexico,3991164,-100.38806,20.58806,2013-07-31,"Santiago de Querétaro",626495
759,IN,India,1275971,81.4285,21.20919,2015-08-07,Bhilai,625138
760,CN,China,2035513,122.04944,41.18806,2021-09-20,Panshan,625040
761,UA,Ukraine,703845,33.39404,47.90572,2020-05-23,"Kryvyy Rih",624579
762,DJ,Djibouti,223817,43.14503,11.58901,2019-09-05,Djibouti,623891
763,US,"United States",5506956,-115.13722,36.17497,2022-03-09,"Las Vegas",623747
764,EG,Egypt,360761,31.38069,31.03637,2022-04-18,"Al Manşūrah",621953
765,US,"United States",4347778,-76.61219,39.29038,2021-08-01,Baltimore,621849
766,IR,Iran,128226,47.065,34.31417,2016-11-01,Kermanshah,621100
767,MX,Mexico,3530139,-99.16174,19.3467,2018-11-03,Coyoacán,620416
768,BR,Brazil,3451328,-47.81028,-21.1775,2015-06-04,"Ribeirão Preto",619746
769,BR,Brazil,3463478,-38.96667,-12.26667,2021-11-01,"Feira de Santana",619609
770,CN,China,1806096,120.00333,36.28389,2022-04-01,Jiaozhou,619266
771,CN,China,1793879,113.36306,31.71111,2021-10-20,Suizhou,618582
772,YE,Yemen,79415,42.95452,14.79781,2020-07-08,"Al Ḩudaydah",617871
773,PH,Philippines,7290466,121.0614,14.58691,2017-12-13,"Pasig City",617301
774,GB,"United Kingdom",2654675,-2.59665,51.45523,2019-09-05,Bristol,617280
775,CN,China,1814934,117.47783,30.66134,2021-10-11,Chizhou,615274
776,YE,Yemen,70225,44.02091,13.57952,2020-07-28,Taiz,615222
777,BR,Brazil,3448636,-45.88694,-23.17944,2017-01-19,"São José dos Campos",613764
778,MX,Mexico,3517270,-98.95038,19.42155,2018-11-03,"Santa María Chimalhuacán",612383
779,CN,China,1787816,102.999,29.98521,2021-10-19,"Ya'an",612056
780,IN,India,1275248,72.85976,19.23496,2014-10-13,Borivli,609617
781,MX,Mexico,3981254,-103.41898,25.54389,2020-06-10,Torreón,608836
782,RU,"Russian Federation",468902,39.87368,57.62987,2019-09-05,Yaroslavl,606730
783,IN,India,1276032,72.15331,21.76287,2021-10-07,Bhavnagar,605882
784,ZA,"South Africa",1020098,28.32078,-26.18848,2012-07-12,Benoni,605344
785,IN,India,1273874,76.26022,9.93988,2014-10-13,Cochin,604696
786,CN,China,2036427,121.14167,41.10778,2021-09-20,Jinzhou,604269
787,IN,India,1278718,77.75,20.93333,2022-01-29,Amrāvati,603837
788,AE,"United Arab Emirates",292968,54.39696,24.45118,2022-03-07,"Abu Dhabi",603492
789,CN,China,1796663,117.61861,26.24861,2021-10-08,Sanming,602166
790,PK,Pakistan,1176615,73.04329,33.72148,2019-09-05,Islamabad,601600
791,IQ,Iraq,94787,44.39222,35.46806,2016-06-22,Kirkuk,601433
792,IN,India,1257416,74.56417,16.85438,2014-10-13,Sāngli,601214
793,US,"United States",5263045,-87.90647,43.0389,2019-09-05,Milwaukee,600155
794,ID,Indonesia,1626801,114.00976,-7.70623,2007-12-13,Situbondo,600000
795,CN,China,2034786,131.13273,46.67686,2021-11-11,Shuangyashan,600000
796,CA,Canada,6173331,-123.11934,49.24966,2019-09-05,Vancouver,600000
797,RU,"Russian Federation",1510853,83.76361,53.36056,2020-02-21,Barnaul,599579
798,NL,Netherlands,2747891,4.47917,51.9225,2019-09-05,Rotterdam,598199
799,MX,Mexico,3995402,-101.18443,19.70078,2018-11-03,Morelia,597511
800,CN,China,1802204,114.65167,37.87917,2020-03-29,Luancheng,597130
801,KR,Korea,1846898,126.92694,37.3925,2021-12-03,Anyang-si,595644
802,IR,Iran,118743,49.58862,37.27611,2019-02-27,Rasht,594590
803,CA,Canada,5907364,-79.76633,43.68341,2021-12-21,Brampton,593638
804,NG,Nigeria,2352947,3.34509,7.15571,2016-01-30,Abeokuta,593100
805,DE,Germany,2928810,7.01228,51.45657,2021-07-25,Essen,593085
806,TR,Turkey,308464,35.48528,38.73222,2019-09-05,Kayseri,592840
807,EG,Egypt,360829,31.1669,30.97063,2022-04-18,"Al Maḩallah al Kubrá",592573
808,GB,"United Kingdom",2648579,-4.25763,55.86515,2019-09-05,Glasgow,591620
809,AU,Australia,2165087,153.43088,-28.00029,2016-03-21,"Gold Coast",591473
810,CN,China,2033370,122.23176,40.66472,2022-03-28,Yingkou,591159
811,PH,Philippines,1707174,120.98278,14.45056,2017-12-13,"Las Piñas",590000
812,CN,China,1785018,117.65556,24.51333,2021-09-20,Zhangzhou,589831
813,DE,Germany,2825297,9.17702,48.78232,2019-09-05,Stuttgart,589793
814,MX,Mexico,3520339,-98.28835,26.08061,2018-11-03,Reynosa,589466
815,VN,"Viet Nam",12382296,106.71428,10.9239,2021-12-08,"Thuận An",588616
816,DE,Germany,2935517,7.466,51.51494,2021-07-25,Dortmund,588462
817,RU,"Russian Federation",2013348,131.87353,43.10562,2019-09-05,Vladivostok,587022
818,RU,"Russian Federation",2023469,104.29639,52.29778,2019-09-05,Irkutsk,586695
819,MW,Malawi,931755,35.00854,-15.78499,2021-08-04,Blantyre,584877
820,JM,Jamaica,3489297,-76.78319,18.00747,2019-02-27,"New Kingston",583958
821,TR,Turkey,738329,29.01366,41.02274,2021-12-03,Üsküdar,582666
822,IT,Italy,3176219,8.94439,44.40478,2017-05-23,Genoa,580223
823,IN,India,1273780,85.87927,20.46497,2014-10-14,Cuttack,580000
824,NO,Norway,3143244,10.74609,59.91273,2022-03-03,Oslo,580000
825,RU,"Russian Federation",2022890,135.08379,48.48271,2019-09-05,Khabarovsk,579000
826,RU,"Russian Federation",2056752,135.13329,48.43776,2012-10-07,"Khabarovsk Vtoroy",578303
827,GA,Gabon,2399697,9.45356,0.39241,2019-09-05,Libreville,578156
828,IR,Iran,128234,57.07879,30.28321,2019-09-05,Kerman,577514
829,PE,Peru,3698350,-79.84088,-6.77137,2019-09-05,Chiclayo,577375
830,IR,Iran,121801,45.07605,37.55274,2016-12-21,Orūmīyeh,577307
831,TR,Turkey,7627067,28.8598,41.00231,2010-12-30,Bahçelievler,576799
832,EG,Egypt,347497,31.00192,30.78847,2022-04-18,Ţanţā,576648
833,IN,India,1275665,73.31495,28.01762,2017-02-06,Bīkaner,576015
834,MX,Mexico,3981461,-103.29327,20.64091,2018-11-03,Tlaquepaque,575942
835,MX,Mexico,3515428,-99.16206,19.29513,2018-11-03,Tlalpan,574577
836,AF,Afghanistan,1140026,62.19967,34.34817,2022-06-18,Herāt,574300
837,TR,Turkey,738377,29.12476,41.01643,2011-01-05,Umraniye,573265
838,DE,Germany,2934246,6.77616,51.22172,2020-11-12,Düsseldorf,573057
839,ID,Indonesia,1650213,114.59075,-3.31987,2017-12-17,Banjarmasin,572837
840,SE,Sweden,2711537,11.96679,57.70716,2021-08-02,Göteborg,572799
841,CN,China,1529195,86.03694,44.3023,2021-09-20,Shihezi,572772
842,CO,Colombia,3688465,-73.1198,7.12539,2021-08-08,Bucaramanga,571820
843,US,"United States",4951305,-71.04949,42.33343,2017-05-23,"South Boston",571281
844,MY,Malaysia,1735634,110.33333,1.55,2021-04-17,Kuching,570407
845,PL,Poland,3088171,16.92993,52.40692,2020-05-21,Poznań,570352
846,ES,Spain,2514256,-4.42034,36.72016,2020-08-30,Málaga,568305
847,CI,"Côte d'Ivoire",2290956,-5.03031,7.69385,2020-06-10,Bouaké,567481
848,SD,Sudan,369004,24.88069,12.04888,2017-12-06,Nyala,565734
849,IN,India,1275362,86.15161,23.66934,2021-12-06,Bokāro,564319
850,ER,Eritrea,343300,38.93184,15.33805,2021-03-10,Asmara,563930
851,NG,Nigeria,2322911,5.24322,13.06269,2016-06-22,Sokoto,563861
852,BR,Brazil,3445831,-48.27722,-18.91861,2015-08-15,Uberlândia,563536
853,JP,Japan,1863440,139.32389,35.65583,2021-09-30,Hachiōji,561344
854,NG,Nigeria,2326016,6.78569,6.14978,2022-03-11,Onitsha,561066
855,CN,China,1791544,110.74894,19.6157,2021-10-14,Wenchang,560894
856,JP,Japan,1863905,139.98648,35.70129,2017-11-10,Honchō,560743
857,US,"United States",5454711,-106.65114,35.08449,2021-08-01,Albuquerque,559121
858,KP,Korea,1877449,127.53639,39.91833,2020-06-11,Hamhŭng,559056
859,BR,Brazil,3447399,-47.45806,-23.50167,2012-03-10,Sorocaba,558862
860,FI,Finland,658225,24.93545,60.16952,2022-03-09,Helsinki,558457
861,IN,India,1252948,79.58333,18.0,2018-05-27,Warangal,557802
862,CU,Cuba,3536729,-75.82667,20.02083,2019-09-05,"Santiago de Cuba",555865
863,CN,China,2034714,124.37785,43.16143,2021-09-20,Siping,555609
864,JP,Japan,1860827,130.55,31.56667,2017-04-09,Kagoshima,555352
865,ID,Indonesia,1625812,110.83167,-7.55611,2019-09-05,Surakarta,555308
866,AR,Argentina,3430863,-57.5562,-38.00042,2019-09-05,"Mar del Plata",553935
867,CN,China,1807689,110.00404,27.56337,2021-10-13,Huaihua,552622
868,PK,Pakistan,1183880,71.6752,29.39779,2019-12-06,Bahawalpur,552607
869,IR,Iran,1159301,60.8629,29.4963,2019-09-05,Zahedan,551980
870,KR,Korea,1842943,128.88111,35.23417,2021-12-03,Kimhae,550758
871,YE,Yemen,415189,45.03667,12.77944,2020-06-11,Aden,550602
872,IN,India,1261977,77.31497,19.16023,2014-10-13,Nanded,550564
873,IN,India,1265873,75.7804,11.24802,2021-12-02,Kozhikode,550440
874,RU,"Russian Federation",515003,55.0988,51.7727,2020-10-15,Orenburg,550204
875,KR,Korea,1846326,128.68111,35.22806,2021-08-08,Changwon,550000
876,XK,Kosovo,786714,21.16688,42.67272,2020-10-25,Pristina,550000
877,CN,China,2036581,130.31118,46.79711,2021-12-15,Jiamusi,549549
878,PH,Philippines,1730501,121.12251,14.62578,2019-06-18,Antipolo,549543
879,CN,China,1529376,86.15231,41.76055,2022-02-01,Korla,549324
880,DE,Germany,2944388,8.80717,53.07582,2019-12-17,Bremen,546501
881,CN,China,1791779,110.3841,18.79931,2021-12-06,Wanning,545992
882,MA,Morocco,2542715,-5.54727,33.89352,2017-02-01,Meknès,545705
883,CN,China,1788450,112.73333,38.40917,2021-10-09,Xinzhou,544683
884,TW,Taiwan,1670029,121.46719,25.01427,2017-09-29,Banqiao,543342
885,PK,Pakistan,1166000,72.67418,32.08586,2019-12-06,Sargodha,542603
886,CF,"Central African Republic",2389853,18.55496,4.36122,2016-06-22,Bangui,542393
887,LT,Lithuania,593116,25.2798,54.68916,2021-07-25,Vilnius,542366
888,CN,China,1798821,119.94639,36.78444,2022-04-01,Pingdu,542234
889,RU,"Russian Federation",1496990,87.1099,53.7557,2019-09-05,Novokuznetsk,539616
890,CD,Congo,212730,25.19099,0.51528,2021-09-10,Kisangani,539158
891,CN,China,1806445,114.97927,27.11716,2021-10-11,Ji’an,538699
892,TR,Turkey,304531,34.63886,36.81196,2017-11-10,Mersin,537842
893,MX,Mexico,3515001,-93.11308,16.75973,2018-11-03,Tuxtla,537102
894,IN,India,1258315,84.86414,22.22496,2017-09-13,Raurkela,536450
895,NG,Nigeria,2319133,5.75006,5.51737,2016-01-30,Warri,536023
896,CN,China,1809412,120.03308,28.88162,2021-09-19,Guli,536000
897,CN,China,1529660,80.27921,41.18418,2022-01-02,Aksu,535657
898,NG,Nigeria,2344082,3.48818,6.60086,2016-01-30,"Ebute Ikorodu",535619
899,CN,China,1793424,117.64694,39.02111,2021-09-20,Tanggu,535298
900,MX,Mexico,3827409,-99.14612,19.44506,2018-11-03,Cuauhtémoc,531831
901,CN,China,1796068,109.93056,33.86667,2022-01-20,Shangluo,531696
902,US,"United States",5318313,-110.92648,32.22174,2019-09-05,Tucson,531641
903,SA,"Saudi Arabia",107968,40.41583,21.27028,2015-09-05,Ta’if,530848
904,MZ,Mozambique,1052373,34.83889,-19.84361,2012-01-19,Beira,530604
905,IN,India,1270668,80.45729,16.29974,2019-05-07,Guntur,530577
906,VE,Venezuela,3778045,-63.18323,9.74569,2021-11-07,Maturín,529376
907,SN,Senegal,2244322,-15.88333,14.85,2012-07-14,Touba,529176
908,EG,Egypt,359783,31.18368,27.18096,2022-04-18,Asyūţ,528669
909,CA,Canada,6325494,-71.21454,46.81228,2021-07-25,Québec,528595
910,IR,Iran,132144,48.51456,34.79922,2020-06-10,Hamadān,528256
911,CN,China,1806488,110.46417,19.2425,2021-12-06,Qionghai,528238
912,CN,China,1816080,116.86667,38.31667,2021-09-20,Cangzhou,527681
913,SV,"El Salvador",3583361,-89.18718,13.68935,2019-09-05,"San Salvador",525990
914,CN,China,1816705,109.11549,21.48349,2021-10-10,Beihai,525329
915,AF,Afghanistan,1133616,67.11087,36.70904,2022-06-18,"Mazār-e Sharīf",523300
916,AF,Afghanistan,1138336,65.71013,31.61332,2022-06-18,Kandahār,523300
917,CN,China,1808392,115.70111,37.73222,2021-10-20,Hengshui,522147
918,IN,India,1273313,78.03392,30.32443,2020-06-10,"Dehra Dūn",522081
919,BR,Brazil,3465038,-56.09667,-15.59611,2010-01-21,Cuiabá,521934
920,IN,India,1272013,77.72741,11.3428,2021-12-01,Erode,521891
921,MY,Malaysia,1735158,101.60671,3.10726,2021-04-20,"Petaling Jaya",520698
922,IN,India,1276014,72.85107,19.30157,2014-10-13,Bhayandar,520301
923,TR,Turkey,747340,28.87619,41.0435,2014-01-23,Esenler,520235
924,RU,"Russian Federation",500096,39.6916,54.6269,2020-06-10,Ryazan’,520173
925,US,"United States",5350937,-119.77237,36.74773,2019-09-05,Fresno,520052
926,CA,Canada,5969782,-79.84963,43.25011,2019-09-05,Hamilton,519949
927,RU,"Russian Federation",1488754,65.52722,57.15222,2019-09-05,Tyumen,519119
928,EG,Egypt,361320,30.8418,29.30995,2022-04-18,"Al Fayyūm",519047
929,IN,India,1272175,87.30801,23.51583,2015-11-29,Durgapur,518872
930,MX,Mexico,4011743,-104.65756,24.02032,2018-11-03,"Victoria de Durango",518709
931,IN,India,1279159,74.63867,26.4521,2017-08-23,Ajmer,517911
932,PT,Portugal,2267057,-9.13333,38.71667,2019-07-12,Lisbon,517802
933,IN,India,1253894,73.15,19.21667,2014-10-13,Ulhasnagar,516584
934,CN,China,1806466,105.823,32.44201,2021-10-19,Guangyuan,516424
935,IN,India,1266285,74.23167,16.69563,2017-03-17,Kolhāpur,516142
936,RU,"Russian Federation",535121,39.57076,52.60311,2019-09-05,Lipetsk,515655
937,IN,India,1256525,88.42851,26.71004,2019-06-12,Siliguri,515574
938,DE,Germany,2861650,11.07752,49.45421,2021-11-14,Nürnberg,515543
939,DE,Germany,2910831,9.73322,52.37052,2019-09-12,Hannover,515140
940,TR,Turkey,315202,30.52056,39.77667,2020-06-10,Eskişehir,514869
941,IR,Iran,14256,48.57011,34.79049,2016-08-02,Āzādshahr,514102
942,AR,Argentina,3838233,-65.41166,-24.7859,2019-09-05,Salta,512686
943,RU,"Russian Federation",511565,45.00464,53.20066,2019-09-05,Penza,512602
944,CN,China,1790396,114.32201,29.84347,2021-10-20,Xianning,512517
945,ZA,"South Africa",949880,28.2268,-25.99636,2019-02-28,Tembisa,511655
946,IN,India,1275610,72.96134,20.76957,2014-10-13,Bilimora,510879
947,BR,Brazil,6316406,-49.24389,-16.82333,2012-08-03,"Aparecida de Goiânia",510770
948,CL,Chile,3875024,-70.57577,-33.61169,2018-02-06,"Puente Alto",510417
949,PH,Philippines,1703417,121.03269,14.55027,2017-12-13,"Makati City",510383
950,CN,China,2034414,125.92639,41.71972,2018-12-06,Tonghua,510000
951,RU,"Russian Federation",523750,52.41122,55.72545,2014-03-14,"Naberezhnyye Chelny",509870
952,GB,"United Kingdom",2644668,-1.13169,52.6386,2021-07-25,Leicester,508916
953,CN,China,1909733,106.54,29.37861,2022-04-01,Banan,508703
954,HK,"Hong Kong",1818446,113.97157,22.39175,2022-06-08,"Tuen Mun",507900
955,CN,China,1785036,100.45167,38.93417,2021-12-17,Zhangye,507433
956,CN,China,1280849,75.98951,39.47066,2022-02-01,Kashgar,506640
957,VE,Venezuela,3648559,-64.68618,10.13625,2021-11-07,Barcelona,506016
958,IN,India,1267696,77.19072,28.65136,2015-05-06,"Karol Bāgh",505241
959,CN,China,1784130,114.63333,33.63333,2021-10-18,Zhoukou,505171
960,DE,Germany,2879139,12.37129,51.33962,2021-12-02,Leipzig,504971
961,CN,China,1798760,106.68611,35.53917,2021-11-11,Pingliang,504848
962,RU,"Russian Federation",8504951,30.3899,59.99675,2020-02-25,Kalininskiy,504641
963,DE,Germany,2934691,6.76516,51.43247,2019-09-05,Duisburg,504358
964,IN,India,1278314,86.98333,23.68333,2018-05-27,Āsansol,504271
965,IR,Iran,143127,49.69809,34.09493,2018-01-09,Arāk,503647
966,RU,"Russian Federation",580497,48.04076,46.34968,2019-09-05,Astrakhan,502533
967,KR,Korea,1839071,129.36481,36.02917,2019-04-15,Pohang,500000
968,CN,China,1783988,119.3975,35.99472,2021-10-06,Zhucheng,499285
969,RU,"Russian Federation",532096,47.50236,42.97638,2016-11-23,Makhachkala,497959
970,CN,China,1802238,111.99444,27.73444,2021-10-20,Loudi,497171
971,HK,"Hong Kong",1818920,114.18333,22.38333,2022-06-08,"Sha Tin",495200
972,ID,Indonesia,1646448,107.5425,-6.87222,2012-01-17,Cimahi,493698
973,IN,India,1269317,70.06673,22.47292,2016-12-11,Jamnagar,492056
974,CN,China,1795928,115.3475,22.78199,2021-10-08,Shanwei,491766
975,US,"United States",5389489,-121.4944,38.58157,2019-09-05,Sacramento,490712
976,BR,Brazil,3471872,-37.07167,-10.91111,2019-09-05,Aracaju,490175
977,KE,Kenya,181032,36.96087,-1.14665,2021-12-12,Ruiru,490120
978,AE,"United Arab Emirates",292932,55.47878,25.40177,2019-05-29,"Ajman City",490035
979,CN,China,9931406,101.224,24.2774,2021-09-20,Jianshui,490000
980,SD,Sudan,377039,37.21644,19.61745,2019-09-05,"Port Sudan",489725
981,AR,Argentina,3836277,-60.70868,-31.64881,2019-03-21,"Santa Fe",489505
982,HN,Honduras,3601782,-88.025,15.50417,2019-09-05,"San Pedro Sula",489466
983,MX,Mexico,3515302,-99.65324,19.28786,2018-11-03,Toluca,489333
984,MX,Mexico,3532624,-99.25675,19.55793,2020-06-10,"Ciudad López Mateos",489160
985,EG,Egypt,360890,31.31501,30.15293,2022-04-18,"Al Khuşūş",488904
986,DE,Germany,2935022,13.73832,51.05089,2019-09-05,Dresden,486854
987,KR,Korea,1846266,126.52194,33.50972,2021-12-13,"Jeju City",486306
988,US,"United States",5074472,-95.94043,41.25626,2022-01-28,Omaha,486051
989,RU,"Russian Federation",1489425,84.97437,56.49771,2019-09-05,Tomsk,485519
990,CD,Congo,2593460,15.39139,-4.38361,2021-09-10,Masina,485167
991,IN,India,1257806,77.54522,29.9679,2014-10-14,Sahāranpur,484873
992,IN,India,1253286,79.13255,12.9184,2021-12-01,Vellore,484690
993,MX,Mexico,3515807,-99.21598,19.64388,2018-11-03,"Cuautitlán Izcalli",484573
994,IN,India,1270752,76.83757,17.33583,2019-12-08,Gulbarga,483615
995,UA,Ukraine,700569,31.99296,46.97625,2022-03-01,Mykolayiv,483186
996,IN,India,1276058,88.40113,22.86643,2014-10-14,Bhātpāra,483129
997,IQ,Iraq,98860,44.34625,32.02594,2016-06-22,Najaf,482576
998,CN,China,1789647,102.26341,27.89642,2021-09-06,Xichang,481796
999,MY,Malaysia,1732903,101.53281,3.08507,2021-04-17,"Shah Alam",481654
1000,JP,Japan,1862627,134.7,34.81667,2019-09-05,Himeji,481493
1001,BY,Belarus,627907,30.9754,52.4345,2019-09-05,"Homyel'",480951
1002,NG,Nigeria,2327220,6.23589,7.55122,2016-01-30,Okene,479178
1003,KR,Korea,1833788,127.0474,37.7415,2014-01-19,Uijeongbu-si,479141
1004,ZA,"South Africa",1006984,27.91162,-33.01529,2019-09-05,"East London",478676
1005,IR,Iran,111822,54.3675,31.89722,2021-07-29,Yazd,477905
1006,SO,Somalia,57289,44.065,9.56,2017-09-27,Hargeysa,477876
1007,PK,Pakistan,1164909,74.53134,32.49268,2021-07-29,Sialkot,477396
1008,RU,"Russian Federation",1503901,86.08333,55.33333,2019-09-05,Kemerovo,477090
1009,CN,China,1805741,112.83278,35.50222,2021-10-20,Jincheng,476945
1010,US,"United States",4393217,-94.57857,39.09973,2019-09-05,"Kansas City",475378
1011,CN,China,1787765,109.49167,36.59889,2021-12-14,Yan’an,475234
1012,MK,Macedonia,785842,21.43141,41.99646,2019-10-04,Skopje,474889
1013,VN,"Viet Nam",1583518,106.7694,10.90682,2021-12-08,"Dĩ An",474681
1014,ZA,"South Africa",944385,27.92615,-26.67313,2021-08-08,Vereeniging,474681
1015,NL,Netherlands,2747373,4.29861,52.07667,2017-10-24,"The Hague",474292
1016,US,"United States",5367929,-118.18923,33.76696,2019-09-05,"Long Beach",474140
1017,CN,China,1794794,118.7375,36.88,2021-10-03,Shouguang,473620
1018,CN,China,1805680,117.20789,29.2947,2021-10-07,Jingdezhen,473561
1019,GT,Guatemala,3592519,-90.60711,14.63077,2020-07-15,Mixco,473080
1020,CN,China,12324556,106.3892,38.98082,2021-10-07,Shizuishan,472472
1021,FR,France,2996944,4.84671,45.74846,2019-10-09,Lyon,472317
1022,BR,Brazil,3458449,-51.16278,-23.31028,2012-03-10,Londrina,471832
1023,US,"United States",5304391,-111.82264,33.42227,2019-09-05,Mesa,471825
1024,CN,China,1809061,121.47331,28.69844,2018-12-06,Jiaojiang,470804
1025,JP,Japan,1857553,139.90144,35.77995,2017-07-22,Matsudo,470277
1026,BR,Brazil,3459505,-43.35028,-21.76417,2013-05-09,"Juiz de Fora",470193
1027,JP,Japan,1855207,135.33199,34.71562,2017-07-31,Nishinomiya-hama,468925
1028,RU,"Russian Federation",480562,37.61822,54.19609,2019-09-05,Tula,468825
1029,US,"United States",5139568,-74.13986,40.56233,2012-07-10,"Staten Island",468730
1030,JP,Japan,1859730,139.71072,35.80521,2019-02-28,Kawaguchi,468565
1031,CN,China,1799846,118.17361,26.645,2021-10-07,Nanping,467875
1032,MX,Mexico,4018390,-100.18839,25.78195,2018-11-03,"Ciudad Apodaca",467157
1033,BR,Brazil,3470142,-43.39944,-22.76417,2012-08-03,"Belford Roxo",466096
1034,IN,India,1269321,74.86167,32.73528,2022-05-01,Jammu,465567
1035,CN,China,2036109,125.13583,42.90361,2021-09-20,Liaoyuan,465249
1036,GB,"United Kingdom",2650225,-3.19648,55.95206,2019-09-05,Edinburgh,464990
1037,UA,Ukraine,694423,33.52134,44.60795,2022-04-01,Sevastopol,464349
1038,CN,China,1786112,114.68333,23.73333,2021-10-08,Heyuan,463907
1039,US,"United States",4180439,-84.38798,33.749,2021-07-25,Atlanta,463878
1040,CD,Congo,214481,22.41659,-5.89624,2016-12-31,Kananga,463546
1041,ZA,"South Africa",1018725,26.214,-29.12107,2021-08-04,Bloemfontein,463064
1042,PL,Poland,3099434,18.64912,54.35227,2020-12-19,Gdańsk,461865
1043,NG,Nigeria,2346229,8.32695,4.95893,2016-01-30,Calabar,461796
1044,BR,Brazil,3459712,-48.84556,-26.30444,2012-08-03,Joinville,461304
1045,CN,China,1792359,118.3125,29.71139,2021-10-07,Huangshan,460786
1046,SY,"Syrian Arab Republic",170017,36.75783,35.13179,2020-06-10,Ḩamāh,460602
1047,IN,India,1265491,78.03602,15.82887,2022-01-14,Kurnool,460184
1048,BE,Belgium,2803138,4.40026,51.22047,2019-12-17,Antwerpen,459805
1049,JP,Japan,1860243,136.61667,36.6,2019-02-27,Kanazawa,458937
1050,TR,Turkey,7701384,27.1352,38.37396,2011-03-09,Karabağlar,458000
1051,PH,Philippines,1679432,122.07389,6.91028,2017-12-13,Zamboanga,457623
1052,RU,"Russian Federation",548408,49.66007,58.59665,2019-09-05,Kirov,457383
1053,IN,India,1253914,75.77643,23.18239,2014-10-14,Ujjain,457346
1054,MY,Malaysia,1733432,116.0724,5.9749,2021-04-17,"Kota Kinabalu",457326
1055,US,"United States",5417598,-104.82136,38.83388,2019-09-05,"Colorado Springs",456568
1056,BR,Brazil,3456283,-43.10361,-22.88333,2012-08-03,Niterói,456456
1057,SA,"Saudi Arabia",101628,36.57151,28.3998,2015-09-12,Tabuk,455450
1058,ID,Indonesia,1630789,109.325,-0.03194,2020-11-01,Pontianak,455173
1059,GB,"United Kingdom",2644688,-1.54785,53.79648,2021-07-25,Leeds,455123
1060,KP,Korea,1873757,125.40778,38.7375,2010-08-03,Namp’o,455000
1061,PH,Philippines,1729564,122.95,10.66667,2020-11-01,"Bacolod City",454898
1062,BR,Brazil,3448877,-43.37222,-22.80389,2019-09-05,"São João de Meriti",454849
1063,PH,Philippines,1701500,122.97889,10.63111,2017-12-13,Mansilingan,454150
1064,US,"United States",4791259,-75.97799,36.85293,2021-08-08,"Virginia Beach",452745
1065,IN,India,1258662,79.45206,18.80084,2014-10-10,Rāmgundam,452261
1066,UA,Ukraine,702658,39.32857,48.56952,2022-04-17,Luhansk,452000
1067,ID,Indonesia,1636544,124.84892,1.48218,2014-07-21,Manado,451893
1068,KZ,Kazakhstan,609655,73.10211,49.80187,2019-09-19,Karagandy,451800
1069,CN,China,1803245,119.91029,28.46042,2021-11-29,Lishui,451418
1070,US,"United States",4487042,-78.63861,35.7721,2021-10-07,Raleigh,451066
1071,DZ,Algeria,2501152,6.61472,36.365,2018-08-09,Constantine,450097
1072,SS,"South Sudan",373303,31.58247,4.85165,2020-07-12,Juba,450000
1073,TR,Turkey,8074174,30.76498,36.89157,2015-06-30,Muratpaşa,450000
1074,CN,China,8505006,104.25047,23.36306,2018-12-06,"Wenshan City",450000
1075,JP,Japan,1849053,139.88333,36.56667,2017-04-09,Utsunomiya,449865
1076,MX,Mexico,3523466,-97.50417,25.87972,2013-07-31,"Heroica Matamoros",449815
1077,TR,Turkey,298333,38.79392,37.16708,2022-06-18,Şanlıurfa,449549
1078,CN,China,2038087,117.95883,40.9519,2018-12-06,Chengde,449325
1079,JP,Japan,1854487,131.6,33.23333,2017-04-09,Ōita,448907
1080,IN,India,1348843,88.25322,22.50862,2021-03-06,Maheshtala,448317
1081,GB,"United Kingdom",2653822,-3.18,51.48,2019-09-05,Cardiff,447287
1082,AR,Argentina,3837213,-68.53639,-31.5375,2019-09-05,"San Juan",447048
1083,RU,"Russian Federation",569696,47.25194,56.13222,2019-09-05,Cheboksary,446781
1084,ZA,"South Africa",1017780,28.25958,-26.21197,2012-07-12,Boksburg,445168
1085,PH,Philippines,1721080,124.64722,8.48222,2020-11-01,"Cagayan de Oro",445103
1086,CN,China,1816858,108.65456,19.0939,2021-12-06,Basuo,444458
1087,JP,Japan,1926099,132.76574,33.83916,2017-07-29,Matsuyama,443322
1088,MX,Mexico,3985241,-100.30222,25.74167,2013-07-31,"San Nicolás de los Garza",443273
1089,JP,Japan,1865387,135.41667,34.71667,2017-07-22,Amagasaki,442173
1090,HT,Haiti,3728338,-72.39922,18.54114,2018-12-05,Carrefour,442156
1091,IN,India,1256409,88.36667,22.83333,2014-10-14,Shyamnagar,441956
1092,PH,Philippines,1715430,120.93667,14.32944,2017-12-13,Dasmariñas,441876
1093,TR,Turkey,304922,38.31667,38.35018,2019-09-05,Malatya,441805
1094,CN,China,1813171,110.47833,29.12944,2021-10-19,Zhangjiajie,441804
1095,US,"United States",4164138,-80.19366,25.77427,2022-04-05,Miami,441003
1096,CO,Colombia,3672486,-75.69611,4.81333,2019-02-26,Pereira,440118
1097,MM,Myanmar,1308465,97.62825,16.49051,2016-06-01,Mawlamyine,438861
1098,PE,Peru,3696183,-73.25383,-3.74912,2019-09-05,Iquitos,437620
1099,JP,Japan,1858311,133.76667,34.58333,2017-07-22,Kurashiki,437581
1100,KP,Korea,1869012,125.93278,39.43167,2019-02-27,Sunch’ŏn,437000
1101,TR,Turkey,7628416,28.86847,41.10652,2011-01-04,Sultangazi,436935
1102,CM,Cameroon,2231320,13.39771,9.30143,2014-01-08,Garoua,436899
1103,ES,Spain,2513416,-1.13004,37.98704,2013-03-18,Murcia,436870
1104,TZ,Tanzania,152224,32.9,-2.51667,2019-09-05,Mwanza,436801
1105,NG,Nigeria,2319480,7.9335,5.05127,2016-01-30,Uyo,436606
1106,CN,China,2038365,126.6,48.26667,2021-09-20,Bei’an,436444
1107,CM,Cameroon,2229798,15.03063,12.07689,2020-06-10,Kousséri,435547
1108,IN,India,1264115,74.53462,20.54966,2015-09-06,Mālegaon,435362
1109,IN,India,1273368,75.92694,14.46693,2017-09-13,Davangere,435128
1110,RU,"Russian Federation",554234,20.51095,54.70649,2019-09-05,Kaliningrad,434954
1111,IQ,Iraq,94824,44.02488,32.61603,2019-12-25,Karbala,434450
1112,KR,Korea,1841246,126.83149,35.12725,2017-04-18,Masan,434371
1113,BR,Brazil,3407669,-48.37222,-1.36556,2012-08-03,Ananindeua,433956
1114,ID,Indonesia,1650527,116.82887,-1.26753,2021-11-28,Balikpapan,433866
1115,FR,France,2972315,1.44367,43.60426,2019-10-09,Toulouse,433055
1116,IL,Israel,293397,34.78057,32.08088,2022-03-09,"Tel Aviv",432892
1117,UZ,Uzbekistan,1513157,71.67257,40.9983,2019-09-05,Namangan,432456
1118,NG,Nigeria,2334802,7.60177,12.99082,2017-04-14,Katsina,432149
1119,ZA,"South Africa",940909,26.73506,-27.97742,2013-11-03,Welkom,431944
1120,UA,Ukraine,701822,37.54131,47.09514,2022-04-04,Mariupol,431859
1121,CO,Colombia,3668605,-74.19904,11.24079,2018-04-19,"Santa Marta",431781
1122,VE,Venezuela,3645532,-63.54086,8.12923,2021-11-07,"Ciudad Bolívar",431481
1123,MX,Mexico,3827407,-99.10499,19.44361,2018-11-03,"Venustiano Carranza",430978
1124,EG,Egypt,359493,31.502,30.58768,2022-04-18,Zagazig,430445
1125,EG,Egypt,361055,32.27225,30.60427,2022-04-18,Ismailia,429465
1126,IN,India,1269407,75.56602,21.00292,2019-07-18,Jalgaon,429298
1127,CN,China,1806097,119.52278,26.66167,2021-11-29,Ningde,429260
1128,JP,Japan,1848313,139.66722,35.28361,2019-09-05,Yokosuka,428992
1129,IN,India,1279105,76.9981,20.70957,2017-03-18,Akola,428857
1130,IN,India,1276533,74.50447,15.85212,2019-09-05,Belgaum,428720
1131,CN,China,1279945,98.51736,39.74318,2021-12-25,Jiuquan,428346
1132,MX,Mexico,3514783,-96.1429,19.18095,2018-11-03,Veracruz,428323
1133,PS,"West Bank and Gaza Strip",7303419,35.23388,31.78336,2019-03-24,"East Jerusalem",428304
1134,KR,Korea,1842225,128.336,36.1136,2021-12-02,Gumi,427770
1135,RU,"Russian Federation",571476,34.37167,53.25209,2013-01-11,Bryansk,427236
1136,TR,Turkey,741763,29.15507,40.93567,2011-01-05,Maltepe,427040
1137,PH,Philippines,1701966,121.0409,14.5832,2022-02-15,"Mandaluyong City",425758
1138,SA,"Saudi Arabia",109353,47.33457,24.15541,2017-09-13,"Al Kharj",425300
1139,VE,Venezuela,3644768,-64.18256,10.45397,2021-11-07,Cumaná,424822
1140,MX,Mexico,3526617,-96.91589,19.53124,2018-11-03,"Xalapa de Enríquez",424755
1141,IN,India,1255783,88.43205,22.4382,2021-03-06,"Rajpur Sonarpur",424368
1142,NG,Nigeria,2352379,5.22087,7.62329,2016-01-30,Ado-Ekiti,424340
1143,SK,Slovakia,3060972,17.10674,48.14816,2019-09-05,Bratislava,423737
1144,IN,India,1271439,85.00385,24.79686,2014-10-14,Gaya,423692
1145,CA,Canada,6050610,-73.692,45.56995,2021-12-21,Laval,422993
1146,IN,India,1253986,73.71346,24.58584,2016-10-23,Udaipur,422784
1147,CD,Congo,922741,26.7384,-10.98303,2021-09-10,Likasi,422414
1148,EG,Egypt,360502,32.6421,25.69893,2019-09-05,Luxor,422407
1149,CO,Colombia,3680656,-75.23222,4.43889,2019-09-05,Ibagué,421685
1150,RU,"Russian Federation",555312,40.97139,56.99719,2019-09-05,Ivanovo,420839
1151,TR,Turkey,315368,41.27694,39.90861,2019-11-26,Erzurum,420691
1152,CN,China,1812749,104.62303,35.57088,2021-11-12,Dingxi,420614
1153,NG,Nigeria,2350841,5.19312,7.25256,2016-01-30,Akure,420594
1154,ID,Indonesia,1642858,103.61667,-1.6,2020-11-01,"Jambi City",420323
1155,US,"United States",5378538,-122.2708,37.80437,2019-09-05,Oakland,419267
1156,IN,India,1266122,82.69633,22.3458,2014-10-14,Korba,419146
1157,PR,"Puerto Rico",4568127,-66.10572,18.46633,2019-09-05,"San Juan",418140
1158,CD,Congo,922773,25.46674,-10.71484,2016-11-28,Kolwezi,418000
1159,NZ,"New Zealand",2193733,174.76349,-36.84853,2022-03-07,Auckland,417910
1160,PK,Pakistan,1164408,68.85889,27.70323,2019-12-06,Sukkur,417767
1161,CN,China,7064006,108.95056,34.8988,2021-11-11,Tongchuan,417740
1162,IN,India,1263780,74.85603,12.91723,2014-10-14,Mangalore,417387
1163,PH,Philippines,1694611,121.00144,14.53748,2017-12-13,Pasay,416522
1164,MX,Mexico,3532497,-99.18594,19.48698,2018-11-03,Azcapotzalco,414711
1165,KZ,Kazakhstan,1518980,69.6,42.3,2019-09-19,Shymkent,414032
1166,RU,"Russian Federation",532288,59.04722,53.41861,2019-09-05,Magnitogorsk,413351
1167,IN,India,1269006,78.57994,25.45887,2015-08-07,Jhānsi,412927
1168,HK,"Hong Kong",1818506,114.24992,22.32789,2022-06-08,"Tseung Kwan O",412900
1169,BR,Brazil,3463237,-48.54917,-27.59667,2017-12-05,Florianópolis,412724
1170,CN,China,1809152,106.28083,36.00667,2021-11-12,Guyuan,411854
1171,DE,Germany,2911285,10.08305,53.58334,2017-08-14,Wandsbek,411422
1172,BR,Brazil,3449433,-46.33361,-23.96083,2019-09-05,Santos,411403
1173,US,"United States",5037649,-93.26384,44.97997,2019-09-05,Minneapolis,410939
1174,IN,India,8629640,78.13425,8.76735,2017-09-12,Thoothukudi,410760
1175,IR,Iran,143083,48.2933,38.2498,2017-02-08,Ardabīl,410753
1176,JP,Japan,1856177,129.88333,32.75,2017-04-09,Nagasaki,410204
1177,CN,China,2038120,120.45861,41.57028,2018-12-06,Chaoyang,410005
1178,PS,"West Bank and Gaza Strip",281133,34.46672,31.50161,2019-03-24,Gaza,410000
1179,RU,"Russian Federation",538560,36.18735,51.73733,2012-01-17,Kursk,409431
1180,CN,China,1281019,79.93548,37.1075,2022-03-15,Hotan,408894
1181,MX,Mexico,3981369,-103.23423,20.62445,2018-11-03,Tonalá,408759
1182,PA,Panama,3703443,-79.51973,8.9936,2020-10-24,Panamá,408168
1183,MX,Mexico,3514450,-99.10356,19.25465,2018-11-03,Xochimilco,407885
1184,PL,Poland,3083829,14.55302,53.42894,2019-09-05,Szczecin,407811
1185,GT,Guatemala,3587902,-90.58544,14.52512,2020-07-15,"Villa Nueva",406830
1186,BR,Brazil,3451353,-44.08667,-19.76694,2012-08-03,"Ribeirão das Neves",406802
1187,JP,Japan,1862540,135.64914,34.81352,2017-07-22,Hirakata,406331
1188,MA,Morocco,2540483,-1.90858,34.68139,2019-12-04,Oujda-Angad,405253
1189,ZA,"South Africa",971421,29.9318,-27.75796,2012-07-12,Newcastle,404838
1190,IN,India,1261529,79.98697,14.44992,2017-01-04,Nellore,404158
1191,TW,Taiwan,1675151,120.96861,24.80361,2019-02-26,Hsinchu,404109
1192,CN,China,2036389,130.96217,45.29322,2021-11-11,Jixi,403759
1193,TZ,Tanzania,148730,39.19793,-6.16394,2019-09-05,Zanzibar,403658
1194,US,"United States",4553433,-95.99277,36.15398,2017-03-09,Tulsa,403505
1195,CN,China,1792621,117.78333,30.95,2021-10-11,Tongling,402062
1196,TW,Taiwan,6696918,121.29696,24.99368,2017-09-26,"Taoyuan City",402014
1197,SD,Sudan,372753,36.39998,15.45099,2020-01-12,Kassala,401477
1198,NG,Nigeria,2332121,4.09152,6.40948,2019-11-22,Lekki,401272
1199,ES,Spain,2512989,2.65024,39.56939,2018-08-27,Palma,401270
1200,ZM,Zambia,911148,28.21323,-12.80243,2012-06-20,Kitwe,400914
1201,IQ,Iraq,98854,46.25726,31.05799,2017-06-15,Nasiriyah,400249
1202,RU,"Russian Federation",480060,35.90057,56.85836,2019-09-05,Tver,400212
1203,IL,Israel,7498240,35.21961,31.78199,2019-12-28,"West Jerusalem",400000
1204,JP,Japan,1857871,139.45083,35.54028,2017-07-22,Machida,399969
1205,JP,Japan,1863641,136.76039,35.42291,2017-07-22,Gifu-shi,397714
1206,TW,Taiwan,1678228,121.7419,25.12825,2017-09-26,Keelung,397515
1207,MA,Morocco,2558545,-3.93723,35.25165,2016-11-03,"Al Hoceïma",395644
1208,GB,"United Kingdom",2643123,-2.23743,53.48095,2021-07-25,Manchester,395515
1209,CA,Canada,6159905,-122.82509,49.10635,2019-02-26,Surrey,394976
1210,BR,Brazil,3445026,-40.2925,-20.32972,2014-05-11,"Vila Velha",394930
1211,JP,Japan,1864092,139.47666,35.34926,2019-09-05,Fujisawa,394624
1212,ZM,Zambia,901344,28.63659,-12.95867,2019-09-05,Ndola,394518
1213,BR,Brazil,3447779,-40.30778,-20.12861,2012-08-03,Serra,394153
1214,TR,Turkey,740264,36.3361,41.27976,2019-09-05,Samsun,394050
1215,EE,Estonia,588409,24.75353,59.43696,2019-09-05,Tallinn,394024
1216,CM,Cameroon,2234974,10.14597,5.9597,2014-06-04,Bamenda,393835
1217,SD,Sudan,379003,30.21669,13.18421,2013-12-14,"El Obeid",393311
1218,CO,Colombia,3688928,-75.55795,6.33732,2016-01-28,Bello,392939
1219,MY,Malaysia,1734052,118.1179,5.8402,2021-04-17,Sandakan,392288
1220,CN,China,1810458,119.75278,36.38333,2022-04-01,Gaomi,391986
1221,SA,"Saudi Arabia",107304,43.97497,26.32599,2018-03-06,Buraydah,391336
1222,BR,Brazil,3464739,-46.62278,-23.68611,2012-09-27,Diadema,390633
1223,US,"United States",4281730,-97.33754,37.69224,2021-08-08,Wichita,389965
1224,US,"United States",4335045,-90.07507,29.95465,2019-09-05,"New Orleans",389617
1225,BD,Bangladesh,1185186,91.18503,23.46186,2016-11-09,Comilla,389411
1226,TH,Thailand,1606590,100.59675,13.59934,2017-04-05,"Samut Prakan",388920
1227,MZ,Mozambique,1033356,39.2666,-15.11646,2010-05-28,Nampula,388526
1228,US,"United States",4671240,-97.10807,32.73569,2019-09-05,Arlington,388125
1229,US,"United States",5150529,-81.69541,41.4995,2021-08-08,Cleveland,388072
1230,GW,Guinea-Bissau,2374775,-15.59767,11.86357,2019-09-05,Bissau,388028
1231,PH,Philippines,1711005,122.56444,10.69694,2020-11-01,Iloilo,387681
1232,SA,"Saudi Arabia",105072,42.73333,18.3,2013-11-25,"Khamis Mushait",387553
1233,BR,Brazil,3467693,-41.33044,-21.75227,2016-11-28,"Campos dos Goytacazes",387417
1234,AR,Argentina,3429577,-58.98389,-27.46056,2016-01-30,Resistencia,387158
1235,LY,"Libyan Arab Jamahiriya",2214846,15.09254,32.37535,2020-06-10,Mişrātah,386120
1236,BR,Brazil,3457381,-46.46139,-23.66778,2012-03-10,Mauá,386069
1237,BJ,Benin,2395914,2.35566,6.44852,2018-02-26,Abomey-Calavi,385755
1238,DE,Germany,2947416,7.21648,51.48165,2020-11-12,Bochum,385729
1239,RO,Romania,11048319,26.16874,44.4234,2017-11-24,"Sector 3",385439
1240,MX,Mexico,6957079,-99.1564,19.3727,2018-11-03,"Benito Juárez",385439
1241,CN,China,12159964,107.3683,22.38161,2021-10-14,Chongzuo,384905
1242,JP,Japan,1849837,135.46932,34.78244,2017-07-22,Toyonaka,384459
1243,MX,Mexico,3526700,-99.09778,19.39528,2013-07-31,Iztacalco,384326
1244,BR,Brazil,3470044,-44.19833,-19.96778,2012-08-03,Betim,384000
1245,JP,Japan,1863917,133.36667,34.48333,2017-07-22,Fukuyama,383298
1246,AO,Angola,2239076,14.91162,-9.29782,2017-05-07,N’dalatando,383100
1247,HT,Haiti,3726786,-72.30278,18.54472,2018-12-05,"Delmas 73",382920
1248,CO,Colombia,3672778,-77.28111,1.21361,2018-04-19,Pasto,382236
1249,TR,Turkey,321836,41.13221,37.88738,2019-09-05,Batman,381990
1250,NZ,"New Zealand",2179537,174.77557,-41.28664,2019-09-05,Wellington,381900
1251,ES,Spain,2515270,-15.41343,28.09973,2021-08-03,"Las Palmas de Gran Canaria",381847
1252,MX,Mexico,3996322,-106.4062,23.2329,2018-11-03,Mazatlán,381583
1253,BR,Brazil,3466537,-51.17944,-29.16806,2012-08-03,"Caxias do Sul",381270
1254,RU,"Russian Federation",520494,59.965,57.91944,2017-10-12,"Nizhny Tagil",381116
1255,MX,Mexico,4004330,-101.35628,20.67675,2018-11-03,Irapuato,380941
1256,DE,Germany,6941055,7.1756,51.50168,2015-09-05,Bochum-Hordel,380000
1257,EG,Egypt,359792,32.89942,24.09082,2022-04-18,Aswan,379774
1258,ZA,"South Africa",986822,27.77515,-26.08577,2012-07-12,Krugersdorp,378821
1259,IN,India,1260482,88.37404,22.69089,2014-10-14,Pānihāti,378705
1260,BD,Bangladesh,1185107,89.32266,25.00146,2017-06-09,Shibganj,378701
1261,CN,China,12359313,107.64455,35.70976,2021-11-11,Qingyang,377528
1262,JP,Japan,1849846,137.38333,34.76667,2021-09-30,Toyohashi,377453
1263,CN,China,1808212,106.26461,29.99228,2022-06-05,Hechuan,377213
1264,PE,Peru,3939459,-75.20486,-12.06513,2019-09-05,Huancayo,376657
1265,UA,Ukraine,702320,37.92576,48.04782,2022-04-06,Makiivka,376610
1266,IN,India,1258932,81.77784,17.00517,2021-10-07,Rājahmundry,376333
1267,TR,Turkey,310859,36.92641,37.5847,2020-06-10,Kahramanmaraş,376045
1268,JP,Japan,1852383,135.1501,34.2152,2017-04-09,Minato,375339
1269,AL,Albania,3183875,19.81889,41.3275,2019-09-05,Tirana,374801
1270,BR,Brazil,3448639,-49.37944,-20.81972,2021-09-13,"São José do Rio Preto",374699
1271,LT,Lithuania,598316,23.90961,54.90272,2021-04-28,Kaunas,374643
1272,MX,Mexico,3522551,-99.51639,27.47629,2018-11-03,"Nuevo Laredo",373725
1273,US,"United States",5325738,-119.01871,35.37329,2017-03-09,Bakersfield,373640
1274,CN,China,2033574,115.06463,40.61205,2022-02-17,Xuanhua,373422
1275,MY,Malaysia,1734810,101.9381,2.7297,2021-04-17,Seremban,372917
1276,MX,Mexico,3827408,-99.20024,19.43411,2018-11-03,"Miguel Hidalgo",372889
1277,GB,"United Kingdom",2636841,-2.18538,53.00415,2021-08-19,Stoke-on-Trent,372775
1278,TR,Turkey,298117,43.38323,38.49457,2019-09-05,Van,371713
1279,US,"United States",5856195,-157.85833,21.30694,2022-03-09,Honolulu,371657
1280,IR,Iran,145459,48.3043,30.3392,2019-09-05,Abadan,370180
1281,VE,Venezuela,3629672,-64.6328,10.21382,2018-08-08,"Puerto La Cruz",370000
1282,CN,China,7304020,109.59961,27.93557,2021-09-20,Fenghuang,370000
1283,UA,Ukraine,689558,28.46871,49.2322,2022-02-27,Vinnytsya,369839
1284,CZ,"Czech Republic",3078610,16.60796,49.19522,2022-03-03,Brno,369559
1285,BY,Belarus,625665,30.3449,53.9168,2017-12-04,Mahilyow,369200
1286,BD,Bangladesh,7483813,88.98673,24.41112,2017-06-26,Natore,369138
1287,US,"United States",4174757,-82.45843,27.94752,2021-07-31,Tampa,369075
1288,EG,Egypt,353219,31.05,29.81667,2022-04-18,"Madīnat Sittah Uktūbar",368650
1289,RO,Romania,11048323,26.01649,44.43579,2017-11-24,"Sector 6",367760
1290,AU,Australia,2172517,149.12807,-35.28346,2019-09-05,Canberra,367752
1291,JP,Japan,1855612,135.80485,34.68505,2017-07-22,Nara-shi,367353
1292,IN,India,1279228,74.73843,19.09457,2019-03-29,Ahmadnagar,367140
1293,IN,India,1259091,76.58469,8.88113,2021-12-02,Kollam,367107
1294,IN,India,1272691,74.77737,20.9013,2018-07-13,Dhūlia,366980
1295,CN,China,8537264,114.87035,30.45143,2021-10-20,Huanggang,366769
1296,BR,Brazil,3393536,-34.85528,-8.00889,2012-08-03,Olinda,366754
1297,MA,Morocco,2544571,-6.5802,34.26101,2019-09-05,Kenitra,366570
1298,PL,Poland,3102014,18.00762,53.1235,2021-12-22,Bydgoszcz,366452
1299,MY,Malaysia,1735227,103.326,3.8077,2021-04-17,Kuantan,366229
1300,IT,Italy,3181928,11.33875,44.49381,2016-12-30,Bologna,366133
1301,VE,Venezuela,3630297,-66.80786,10.47679,2019-04-10,Petare,364684
1302,CN,China,1817990,119.1925,36.43417,2021-09-22,Anqiu,364208
1303,PK,Pakistan,1172128,68.21204,27.55898,2019-12-06,Larkana,364033
1304,SD,Sudan,379062,35.38344,14.03493,2017-02-09,"Al Qadarif",363945
1305,NZ,"New Zealand",2192362,172.63333,-43.53333,2019-09-05,Christchurch,363926
1306,RU,"Russian Federation",487846,41.9734,45.0428,2020-06-10,Stavropol’,363064
1307,JP,Japan,1849814,137.15,35.08333,2012-02-18,Toyota,362383
1308,CN,China,1805029,115.55889,37.56222,2021-10-20,Jizhou,362013
1309,NZ,"New Zealand",2187404,174.87986,-36.99282,2011-08-01,"Manukau City",362000
1310,TR,Turkey,6947637,29.1167,40.9833,2015-04-03,Ataşehir,361615
1311,IN,India,1276300,86.97183,25.24446,2014-10-14,Bhāgalpur,361548
1312,PK,Pakistan,1165221,73.98556,31.71287,2019-12-06,Shekhupura,361303
1313,BR,Brazil,3466998,-46.835,-23.52272,2013-07-09,Carapicuíba,361112
1314,DE,Germany,2805753,7.14816,51.25627,2019-09-05,Wuppertal,360797
1315,GH,Ghana,2294877,-0.8393,9.40079,2019-12-06,Tamale,360579
1316,RU,"Russian Federation",2014407,107.60627,51.82721,2019-09-04,Ulan-Ude,360278
1317,JP,Japan,1856215,138.18333,36.65,2017-04-09,Nagano,360176
1318,BF,"Burkina Faso",2362344,-4.2979,11.17715,2021-03-08,Bobo-Dioulasso,360106
1319,PL,Poland,765876,22.56667,51.25,2019-09-05,Lublin,360044
1320,CN,China,11694038,80.87173,44.05305,2018-12-06,Huocheng,360000
1321,US,"United States",5412347,-104.83192,39.72943,2017-03-09,Aurora,359407
1322,GB,"United Kingdom",2652221,-1.51217,52.40656,2021-08-08,Coventry,359262
1323,CA,Canada,6324729,-63.57291,44.6464,2019-09-23,Halifax,359111
1324,KZ,Kazakhstan,1516905,71.36667,42.9,2019-09-05,Taraz,358153
1325,PH,Philippines,1689395,121.04528,14.81389,2021-08-01,"San Jose del Monte",357828
1326,CO,Colombia,3675443,-75.51738,5.06889,2016-01-28,Manizales,357814
1327,KR,Korea,1948005,126.86639,37.47722,2021-11-23,Gwangmyeong,357545
1328,IR,Iran,111453,48.49628,36.67642,2017-02-08,Zanjān,357471
1329,JP,Japan,2112539,140.88333,37.05,2017-07-22,Iwaki,357309
1330,PH,Philippines,1729524,120.93851,14.45896,2019-08-29,Bacoor,356974
1331,JP,Japan,2130629,142.36489,43.77063,2019-09-05,Asahikawa,356612
1332,MX,Mexico,3514519,-98.95088,19.27032,2018-11-03,Xico,356352
1333,RU,"Russian Federation",581049,40.5433,64.5401,2020-06-10,Arkhangel’sk,356051
1334,ID,Indonesia,1651531,128.18333,-3.69583,2020-11-01,Ambon,355596
1335,ID,Indonesia,1629001,117.14583,-0.49167,2019-09-05,Samarinda,355160
1336,MX,Mexico,3827406,-99.15766,19.3984,2015-06-22,"Benito Juarez",355017
1337,ES,Spain,3128026,-2.92528,43.26271,2019-09-05,Bilbao,354860
1338,AR,Argentina,3835869,-64.26149,-27.79511,2019-09-05,"Santiago del Estero",354692
1339,JP,Japan,1850910,135.61678,34.84833,2017-07-22,Takatsuki,354468
1340,GR,Greece,734077,22.93086,40.64361,2021-09-08,Thessaloníki,354290
1341,MX,Mexico,3514670,-92.93028,17.98689,2018-11-03,Villahermosa,353577
1342,VE,Venezuela,3648546,-70.20749,8.62261,2013-08-06,Barinas,353442
1343,CO,Colombia,3673899,-75.28189,2.9273,2018-04-19,Neiva,352855
1344,MX,Mexico,4005867,-100.31791,25.79698,2018-11-03,"Ciudad General Escobedo",352444
1345,JP,Japan,1854376,137.16667,34.95,2017-07-22,Okazaki,352361
1346,IR,Iran,141681,56.2808,27.1865,2019-09-05,"Bandar Abbas",352173
1347,AE,"United Arab Emirates",291074,55.9432,25.78953,2019-09-09,"Ras Al Khaimah City",351943
1348,JP,Japan,1851483,135.51567,34.76143,2017-07-22,Suita,351630
1349,VN,"Viet Nam",1580240,107.59546,16.4619,2021-12-09,Huế,351456
1350,JP,Japan,1926004,135.16667,34.23333,2017-04-09,Wakayama,351000
1351,US,"United States",5323810,-117.9145,33.83529,2019-09-05,Anaheim,350742
1352,TW,Taiwan,1674504,121.60444,23.97694,2017-09-26,"Hualien City",350468
1353,PH,Philippines,1707267,123.94944,10.31028,2017-12-27,"Lapu-Lapu City",350467
1354,IN,India,1259239,76.39335,22.23507,2015-10-04,Punāsa,350000
1355,ZA,"South Africa",8764562,28.01213,-25.93312,2014-04-08,Diepsloot,350000
1356,IN,India,1262332,77.70332,29.47091,2018-05-27,Muzaffarnagar,349706
1357,IT,Italy,3176959,11.24626,43.77925,2020-01-02,Florence,349296
1358,IR,Iran,117574,46.99883,35.31495,2019-09-05,Sanandaj,349176
1359,IN,India,1265014,76.56784,18.39721,2014-10-13,Latur,348967
1360,BR,Brazil,3403642,-35.88111,-7.23056,2012-08-03,"Campina Grande",348936
1361,CU,Cuba,3566067,-77.91694,21.38083,2020-06-10,Camagüey,347562
1362,CA,Canada,6058560,-81.23304,42.98339,2012-08-19,London,346765
1363,CN,China,2038067,118.96361,42.26833,2021-09-20,Chifeng,346654
1364,KP,Korea,1877030,127.61861,39.83167,2020-06-11,Hŭngnam,346082
1365,KZ,Kazakhstan,1526273,71.44598,51.1801,2021-04-08,Nur-Sultan,345604
1366,CN,China,12277239,117.25167,34.25281,2021-09-20,Yunlong,345393
1367,RO,Romania,11048318,26.13321,44.4528,2017-11-24,"Sector 2",345370
1368,RU,"Russian Federation",578072,36.58015,50.61074,2019-09-05,Belgorod,345289
1369,SD,Sudan,371760,32.66347,13.1629,2014-05-28,Kosti,345068
1370,CN,China,2035261,130.9953,45.768,2021-12-15,Qitaihe,345033
1371,QA,Qatar,290030,51.53096,25.28545,2019-09-05,Doha,344939
1372,VE,Venezuela,3625829,-67.47421,10.22856,2015-01-17,Turmero,344700
1373,CN,China,1785716,117.95028,34.31139,2021-09-20,Pizhou,343421
1374,RU,"Russian Federation",1501321,65.33333,55.45,2019-09-05,Kurgan,343129
1375,BD,Bangladesh,1185188,89.25166,25.74664,2016-11-09,Rangpur,343122
1376,PK,Pakistan,1182637,74.07846,32.97465,2020-08-30,Bhimber,342900
1377,BY,Belarus,620127,30.2049,55.1904,2018-10-27,Vitebsk,342700
1378,PH,Philippines,1711084,124.24344,8.2289,2020-11-01,Iligan,342618
1379,CO,Colombia,3667849,-74.76459,10.91843,2018-07-04,Soledad,342556
1380,CN,China,1795060,113.38521,22.51682,2021-10-07,Shiqi,342306
1381,BR,Brazil,3453643,-47.64917,-22.72528,2012-03-10,Piracicaba,342209
1382,CH,Switzerland,2657896,8.55,47.36667,2019-09-05,Zürich,341730
1383,IN,India,1265767,78.41376,17.48486,2014-10-10,Kūkatpalli,341709
1384,VN,"Viet Nam",1562414,107.08426,10.34599,2021-12-09,"Vũng Tàu",341552
1385,CN,China,1794479,120.52694,36.85917,2022-04-01,Laixi,341470
1386,PK,Pakistan,1175892,72.31687,31.26981,2019-12-06,"Jhang Sadr",341210
1387,TZ,Tanzania,161325,36.68333,-3.36667,2016-07-26,Arusha,341136
1388,IN,India,1278840,80.16152,13.09818,2014-10-14,Ambattūr,341049
1389,JP,Japan,2112141,140.38333,37.4,2017-07-22,Kōriyama,340560
1390,BG,Bulgaria,728193,24.75,42.15,2016-02-07,Plovdiv,340494
1391,MX,Mexico,4014875,-100.8157,20.52353,2018-11-03,Celaya,340387
1392,ZW,Zimbabwe,1106542,31.07555,-18.01274,2019-09-05,Chitungwiza,340360
1393,JP,Japan,1859924,139.97732,35.86224,2019-02-28,Kashiwa,340221
1394,SY,"Syrian Arab Republic",173576,35.79011,35.53168,2019-09-05,Latakia,340181
1395,GM,Gambia,2411989,-16.67806,13.43833,2017-11-20,Serekunda,340000
1396,JP,Japan,1850181,139.46903,35.79916,2017-07-22,Tokorozawa,339435
1397,AR,Argentina,3435217,-58.8344,-27.46784,2019-09-05,Corrientes,339067
1398,RU,"Russian Federation",553915,36.27542,54.5293,2019-09-05,Kaluga,338978
1399,BR,Brazil,3396016,-51.06639,0.03889,2012-08-03,Macapá,338936
1400,US,"United States",4498303,-78.66389,35.78682,2017-05-23,"West Raleigh",338759
